cell_id	clone_id	sequence_id	sequence	sequence_aa	productive	rev_comp	v_call	v_cigar	d_call	d_cigar	j_call	j_cigar	c_call	c_cigar	sequence_alignment	germline_alignment	junction	junction_aa	junction_length	junction_aa_length	v_sequence_start	v_sequence_end	d_sequence_start	d_sequence_end	j_sequence_start	j_sequence_end	c_sequence_start	c_sequence_end	consensus_count	duplicate_count	is_cell
AAATCAACACTGCAAT-1	clonotype17	AAATCAACACTGCAAT-1_contig_1	TGGGGAGCATATGACCCCTGTCTTCTCCACAGTCCCTGAACACACTGACTCTAACCATGGAATGGCCTTTGATCTTTCTCTTCCTCCTGTCAGGAACTGCAGGTGTCCAATCCCAGGTTCACCTGCAGCAGTCTGGGGCTGAGCTGGTGAAGCCTGGGGCCTCAGTGAAGATTTCCTGCAAAGCTTCTGGCTACGCATTCAGTAACTACTGGATGAACTGGGTGAAGCAGAGGCCTGGAAAGGGTCTTGAGTGGATTGGACAGATTTATCCTGGAGATGGTGATACTAACTACAATGGAAAGTTCAAGGGCAAGGCCACACTGACTGCAGACAAATCCTCCAGCACAGCCTACATGCAGCTCAGCAGCCTGACCTCTGAGGACTCTGCGGTCTATTTCTGTGCAAGGTACTTCGATGTCTGGGGCACAGGGACCACGGTCACCGTCTCCTCAGCCTCTATCAGGAACCCTCAGCTCTACCCCTTGAAGCCCTGTAAAGGCACTGCTTCCATGACCCTGGGCTGCCTGGTAAAGGACTACTTCCCTGGTCCTGTGACTGTGACCTGGTATTCAGACTCCCTGAACATGAGCACTGTGAACTTCCCTGC	MEWPLIFLFLLSGTAGVQSQVHLQQSGAELVKPGASVKISCKASGYAFSNYWMNWVKQRPGKGLEWIGQIYPGDGDTNYNGKFKGKATLTADKSSSTAYMQLSSLTSEDSAVYFCARYFDVWGTGTTVTVSSASIRNPQLYPLKPCKGTASMTLGCLVKDYFPGPVTVTWYSDSLNMSTVNFP	T	F	IGHV1-80	56S351M200S			IGHJ1	400S53M154S	IGHE	453S154M	TGGGGAGCATATGACCCCTGTCTTCTCCACAGTCCCTGAACACACTGACTCTAACCATGGAATGGCCTTTGATCTTTCTCTTCCTCCTGTCAGGAACTGCAGGTGTCCAATCCCAGGTTCACCTGCAGCAGTCTGGGGCTGAGCTGGTGAAGCCTGGGGCCTCAGTGAAGATTTCCTGCAAAGCTTCTGGCTACGCATTCAGTAACTACTGGATGAACTGGGTGAAGCAGAGGCCTGGAAAGGGTCTTGAGTGGATTGGACAGATTTATCCTGGAGATGGTGATACTAACTACAATGGAAAGTTCAAGGGCAAGGCCACACTGACTGCAGACAAATCCTCCAGCACAGCCTACATGCAGCTCAGCAGCCTGACCTCTGAGGACTCTGCGGTCTATTTCTGTGCAAGGTACTTCGATGTCTGGGGCACAGGGACCACGGTCACCGTCTCCTCAGCCTCTATCAGGAACCCTCAGCTCTACCCCTTGAAGCCCTGTAAAGGCACTGCTTCCATGACCCTGGGCTGCCTGGTAAAGGACTACTTCCCTGGTCCTGTGACTGTGACCTGGTATTCAGACTCCCTGAACATGAGCACTGTGAACTTCCCTGC	ATGGAATGGCCTTTGATCTTTCTCTTCCTCCTGTCAGGAACTGCAGGTGTCCAATCCCAGGTTCAGCTGCAGCAGTCTGGGGCTGAGCTGGTGAAGCCTGGGGCCTCAGTGAAGATTTCCTGCAAAGCTTCTGGCTACGCATTCAGTAGCTACTGGATGAACTGGGTGAAGCAGAGGCCTGGAAAGGGTCTTGAGTGGATTGGACAGATTTATCCTGGAGATGGTGATACTAACTACAACGGAAAGTTCAAGGGCAAGGCCACACTGACTGCAGACAAATCCTCCAGCACAGCCTACATGCAGCTCAGCAGCCTGACCTCTGAGGACTCTGCGGTCTATTTCTGTGCAAGACTACTGGTACTTCGATGTCTGGGGCACAGGGACCACGGTCACCGTCTCCTCAGCCAAAACGACACCCCCATCTGTCTATCCACTGGCCCCTGGATCTGCTGCCCAAACTAACTCCATGGTGACCCTGGGATGCCTGGTCAAGGGCTATTTCCCTGAGCCAGTGACAGTGACCTGGAACTCTGGATCCCTGTCCAGCGGTGTGCACACCTTCCCAGCTGTCCTGCAGTCTGACCTCTACACTCTGAGCAGCTCAGTGACTGTCCCCTCCAGCACCTGGCCCAGCCAGACCGTCACCTGCAACGTTGCCCACCCGGCCAGCAGCACCAAGGTGGACAAGAAAATTGTGCCCAGGGATTGTGGTTGTAAGCCTTGCATATGTACAGTCCCAGAAGTATCATCTGTCTTCATCTTCCCCCCAAAGCCCAAGGATGTGCTCACCATTACTCTGACTCCTAAGGTCACGTGTGTTGTGGTAGACATCAGCAAGGATGATCCCGAGGTCCAGTTCAGCTGGTTTGTAGATGATGTGGAGGTGCACACAGCTCAGACGAAACCCCGGGAGGAGCAGATCAACAGCACTTTCCGTTCAGTCAGTGAACTTCCCATCATGCACCAGGACTGGCTCAATGGCAAGGAGTTCAAATGCAGGGTCAACAGTGCAGCTTTCCCTGCCCCCATCGAGAAAACCATCTCCAAAACCAAAGGCAGACCGAAGGCTCCACAGGTGTACACCATTCCACCTCCCAAGGAGCAGATGGCCAAGGATAAAGTCAGTCTGACCTGCATGATAACAAACTTCTTCCCTGAAGACATTACTGTGGAGTGGCAGTGGAATGGGCAGCCAGCGGAGAACTACAAGAACACTCAGCCCATCATGGACACAGATGGCTCTTACTTCGTCTACAGCAAGCTCAATGTGCAGAAGAGCAACTGGGAGGCAGGAAATACTTTCACCTGCTCTGTGTTACATGAGGGCCTGCACAACCACCATACTGAGAAGAGCCTCTCCCACTCTCCTGGTAAA	TGTGCAAGGTACTTCGATGTCTGG	CARYFDVW	24	8	57	407			401	453	454	607	25181	2176	T
AACAGCCTCACGTATG-1	clonotype10	AACAGCCTCACGTATG-1_contig_1	GGGGATATGAACACTGTTTTCTCTACAGTCACTGAATCTCAATGTCCTTACAATGAAATGCAGCTGGGTCATCTTCTTCCTGATGGCAGTGGTTATAGGGGTCAATTCAGAGGTTCAGCTGCAGCAGTCTGGGGCTGAGCTTGTGAGGCCAGGGGCCTCAGTCAAGTTGTCCTGCACAGCTTCTGGCTTTAACATTAAAGACGACTATATGTACTGGGTGAAGCAGAGGCCTGAACAGGGCCTGGAGTGGATTGGATGGATTGATCCTGAGAATGGTGATACTGAATATGCCTCGAAGTTCCAGGGCAAGGCCACTATAACAGCAGACACATCCTCCAACACAGCCTACCTGCAGCTCAGCAGCCTGACATCTGAGGACACTGCCGTCTATTACTGTACTACCCTTTCCTATGGTAACTACGTGGGGTATGCTATGGACTACTGGGGTCAAGGAACCTCAGTCACCGTCTCCTCAGCCTCTATCAGGAACCCTCAGCTCTACCCCTTGAAGCCCTGTAAAGGCACTGCTTCCATGACCCTGGGCTGCCTGGTAAAGGACTACTTCCCTGGTCCTGTGACTGTGACCTGGTATTCAGACTCCCTGAACATGAGCACTGTGAACTTCCCTGC	MKCSWVIFFLMAVVIGVNSEVQLQQSGAELVRPGASVKLSCTASGFNIKDDYMYWVKQRPEQGLEWIGWIDPENGDTEYASKFQGKATITADTSSNTAYLQLSSLTSEDTAVYYCTTLSYGNYVGYAMDYWGQGTSVTVSSASIRNPQLYPLKPCKGTASMTLGCLVKDYFPGPVTVTWYSDSLNMSTVNFP	T	F	IGHV14-4	52S351M227S	IGHD2-8	404S17M209S	IGHJ4	422S54M154S	IGHE	476S154M	GGGGATATGAACACTGTTTTCTCTACAGTCACTGAATCTCAATGTCCTTACAATGAAATGCAGCTGGGTCATCTTCTTCCTGATGGCAGTGGTTATAGGGGTCAATTCAGAGGTTCAGCTGCAGCAGTCTGGGGCTGAGCTTGTGAGGCCAGGGGCCTCAGTCAAGTTGTCCTGCACAGCTTCTGGCTTTAACATTAAAGACGACTATATGTACTGGGTGAAGCAGAGGCCTGAACAGGGCCTGGAGTGGATTGGATGGATTGATCCTGAGAATGGTGATACTGAATATGCCTCGAAGTTCCAGGGCAAGGCCACTATAACAGCAGACACATCCTCCAACACAGCCTACCTGCAGCTCAGCAGCCTGACATCTGAGGACACTGCCGTCTATTACTGTACTACCCTTTCCTATGGTAACTACGTGGGGTATGCTATGGACTACTGGGGTCAAGGAACCTCAGTCACCGTCTCCTCAGCCTCTATCAGGAACCCTCAGCTCTACCCCTTGAAGCCCTGTAAAGGCACTGCTTCCATGACCCTGGGCTGCCTGGTAAAGGACTACTTCCCTGGTCCTGTGACTGTGACCTGGTATTCAGACTCCCTGAACATGAGCACTGTGAACTTCCCTGC	ATGAAATGCAGCTGGGTCATCTTCTTCCTGATGGCAGTGGTTATAGGGGTCAATTCAGAGGTTCAGCTGCAGCAGTCTGGGGCTGAGCTTGTGAGGCCAGGGGCCTCAGTCAAGTTGTCCTGCACAGCTTCTGGCTTTAACATTAAAGACGACTATATGCACTGGGTGAAGCAGAGGCCTGAACAGGGCCTGGAGTGGATTGGATGGATTGATCCTGAGAATGGTGATACTGAATATGCCTCGAAGTTCCAGGGCAAGGCCACTATAACAGCAGACACATCCTCCAACACAGCCTACCTGCAGCTCAGCAGCCTGACATCTGAGGACACTGCCGTCTATTACTGTACTACATCTACTATGGTAACTACATTACTATGCTATGGACTACTGGGGTCAAGGAACCTCAGTCACCGTCTCCTCAGCCAAAACGACACCCCCATCTGTCTATCCACTGGCCCCTGGATCTGCTGCCCAAACTAACTCCATGGTGACCCTGGGATGCCTGGTCAAGGGCTATTTCCCTGAGCCAGTGACAGTGACCTGGAACTCTGGATCCCTGTCCAGCGGTGTGCACACCTTCCCAGCTGTCCTGCAGTCTGACCTCTACACTCTGAGCAGCTCAGTGACTGTCCCCTCCAGCACCTGGCCCAGCCAGACCGTCACCTGCAACGTTGCCCACCCGGCCAGCAGCACCAAGGTGGACAAGAAAATTGTGCCCAGGGATTGTGGTTGTAAGCCTTGCATATGTACAGTCCCAGAAGTATCATCTGTCTTCATCTTCCCCCCAAAGCCCAAGGATGTGCTCACCATTACTCTGACTCCTAAGGTCACGTGTGTTGTGGTAGACATCAGCAAGGATGATCCCGAGGTCCAGTTCAGCTGGTTTGTAGATGATGTGGAGGTGCACACAGCTCAGACGAAACCCCGGGAGGAGCAGATCAACAGCACTTTCCGTTCAGTCAGTGAACTTCCCATCATGCACCAGGACTGGCTCAATGGCAAGGAGTTCAAATGCAGGGTCAACAGTGCAGCTTTCCCTGCCCCCATCGAGAAAACCATCTCCAAAACCAAAGGCAGACCGAAGGCTCCACAGGTGTACACCATTCCACCTCCCAAGGAGCAGATGGCCAAGGATAAAGTCAGTCTGACCTGCATGATAACAAACTTCTTCCCTGAAGACATTACTGTGGAGTGGCAGTGGAATGGGCAGCCAGCGGAGAACTACAAGAACACTCAGCCCATCATGGACACAGATGGCTCTTACTTCGTCTACAGCAAGCTCAATGTGCAGAAGAGCAACTGGGAGGCAGGAAATACTTTCACCTGCTCTGTGTTACATGAGGGCCTGCACAACCACCATACTGAGAAGAGCCTCTCCCACTCTCCTGGTAAA	TGTACTACCCTTTCCTATGGTAACTACGTGGGGTATGCTATGGACTACTGG	CTTLSYGNYVGYAMDYW	51	17	53	403	405	421	423	476	477	630	2902	62	T
AACAGCCTCAGGAATA-1	clonotype1750	AACAGCCTCAGGAATA-1_contig_2	GATGAGATCACTGTTCTCTCTACAGTTACTGAGCACACAGGACCTCACCATGAGATGGAGCTGTATCATCCTCTTCTTGGTAGCAACAGCTACAGGTGTCCACTCCCAGGTCCAACTGCAGCAGCCTGGGGCTGAACTGGTGAAGCCTGGGGCTTCAGTGAAGGTGTCCTGCAAGGCTTCTGGCTACACCTTCACCAGCTACTGGATGCACTGGGTGAAGCAGAGGCCTGGCCAAGGCCTTGAGTGGATTGGAAGGATTCATCCTTCTGATAGTGATACTAACTACAATCAAAAGTTCAAGGGCAAGGCCACATTGACTGTAGACAAATCCTCCAGCACAGCCTACATGCAGCTCAGCAGCCTGACATCTGAGGACTCTGCGGTCTATTACTGTGCATGGTTACTTGACTACTGGGGCCAAGGCACCACTCTCACAGTCTCCTCAGCCTCTATCAGGAACCCTCAGCTCTACCCCTTGAAGCCCTGTAAAGGCACTGCTTCCATGACCCTGGGCTGCCTGGTAAAGGACTACTTCCCTGGTCCTGTGACTGTGACCTGGTATTCAGACTCCCTGAACATGAGCACTGTGAACTTCCCTGC	MRWSCIILFLVATATGVHSQVQLQQPGAELVKPGASVKVSCKASGYTFTSYWMHWVKQRPGQGLEWIGRIHPSDSDTNYNQKFKGKATLTVDKSSSTAYMQLSSLTSEDSAVYYCAWLLDYWGQGTTLTVSSASIRNPQLYPLKPCKGTASMTLGCLVKDYFPGPVTVTWYSDSLNMSTVNFP	T	F	IGHV1-74	49S351M200S			IGHJ2	398S48M154S	IGHE	446S154M	GATGAGATCACTGTTCTCTCTACAGTTACTGAGCACACAGGACCTCACCATGAGATGGAGCTGTATCATCCTCTTCTTGGTAGCAACAGCTACAGGTGTCCACTCCCAGGTCCAACTGCAGCAGCCTGGGGCTGAACTGGTGAAGCCTGGGGCTTCAGTGAAGGTGTCCTGCAAGGCTTCTGGCTACACCTTCACCAGCTACTGGATGCACTGGGTGAAGCAGAGGCCTGGCCAAGGCCTTGAGTGGATTGGAAGGATTCATCCTTCTGATAGTGATACTAACTACAATCAAAAGTTCAAGGGCAAGGCCACATTGACTGTAGACAAATCCTCCAGCACAGCCTACATGCAGCTCAGCAGCCTGACATCTGAGGACTCTGCGGTCTATTACTGTGCATGGTTACTTGACTACTGGGGCCAAGGCACCACTCTCACAGTCTCCTCAGCCTCTATCAGGAACCCTCAGCTCTACCCCTTGAAGCCCTGTAAAGGCACTGCTTCCATGACCCTGGGCTGCCTGGTAAAGGACTACTTCCCTGGTCCTGTGACTGTGACCTGGTATTCAGACTCCCTGAACATGAGCACTGTGAACTTCCCTGC	ATGAGATGGAGCTGTATCATCCTCTTCTTGGTAGCAACAGCTACAGGTGTCCACTCCCAGGTCCAACTGCAGCAGCCTGGGGCTGAACTGGTGAAGCCTGGGGCTTCAGTGAAGGTGTCCTGCAAGGCTTCTGGCTACACCTTCACCAGCTACTGGATGCACTGGGTGAAGCAGAGGCCTGGCCAAGGCCTTGAGTGGATTGGAAGGATTCATCCTTCTGATAGTGATACTAACTACAATCAAAAGTTCAAGGGCAAGGCCACATTGACTGTAGACAAATCCTCCAGCACAGCCTACATGCAGCTCAGCAGCCTGACATCTGAGGACTCTGCGGTCTATTACTGTGCAATAACTACTTTGACTACTGGGGCCAAGGCACCACTCTCACAGTCTCCTCAGCCTCTATCAGGAACCCTCAGCTCTACCCCTTGAAGCCCTGTAAAGGCACTGCTTCCATGACCCTGGGCTGCCTGGTAAAGGACTACTTCCCTGGTCCTGTGACTGTGACCTGGTATTCAGACTCCCTGAACATGAGCACTGTGAACTTCCCTGCCCTTGGTTCTGAACTCAAGGTCACCACCAGCCAAGTGACCAGCTGGGGCAAGTCAGCCAAGAACTTCACATGCCACGTGACACATCCTCCATCATTCAACGAAAGTAGGACTATCCTAGTTCGACCTGTCAACATCACTGAGCCCACCTTGGAGCTACTCCATTCATCCTGCGACCCCAATGCTTTCCACTCCACCATCCAGCTGTACTGCTTCATTTATGGCCACATCCTAAATGATGTCTCTGTCAGCTGGCTAATGGACGATCGGGAGATAACTGATACACTTGCACAAACTGTTCTAATCAAGGAGGAAGGCAAACTAGCCTCTACCTGCAGTAAACTCAACATCACTGAGCAGCAATGGATGTCTGAAAGCACCTTCACCTGCAAGGTCACCTCCCAAGGCGTAGACTATTTGGCCCACACTCGGAGATGCCCAGATCATGAGCCACGGGGTGTGATTACCTACCTGATCCCACCCAGCCCCCTGGACCTGTATCAAAACGGTGCTCCCAAGCTTACCTGTCTGGTGGTGGACCTGGAAAGCGAGAAGAATGTCAATGTGACGTGGAACCAAGAGAAGAAGACTCCAGTCTCAGCATCCCAGTGGTACACTAAGCACCACCATAACGCCACAACCAGTATCACCTCCATCCTGCCTGTAGTTGCCAAGGACTGGATTGAAGGCTACGGCTATCAGTGCATAGTGGACCACCCTGATTTTCCCAAGCCCATTGTGCGTTCCATCACCAAGACCCCAGGCCAGCGCTCAGCCCCCGAGGTATATGTGTTCCCACCACCAGAGGAGGAGAGCGAGGACAAACGCACACTCACCTGCTTGATCCAGAACTTCTTCCCTGAGGATATCTCTGTGCAGTGGCTGGAGGATGGCAAACTGATCTCAAACAGCCATCACAGTACCACAACACCCCTGAAATCCAATGGCTCCAATCAAGGCTTCTTCATCTTCAGTCGCCTAGAGGTCGCCAAGACACTCTGGACACAGAGAAAACAGTTCACCTGCCAAGTGATCCATGAGGCACTTCAGAAACCCAGGAAACTGGAGAAAACAATATCCACGAGCCTTGGTAACACCTCCCTCCATCCCTCC	TGTGCATGGTTACTTGACTACTGG	CAWLLDYW	24	8	50	400			399	446	447	600	198	4	T
ACACCCTGTGCGTCTT-1	clonotype89	ACACCCTGTGCGTCTT-1_contig_1	TGGGAACATATGTCCAATGTCCTCTCCACAGGCACTGAACACACTGACTCTAACCATGGGATGGAGCTGGATCTTTCTCCTCTTCCTGTCAGGAACTGCAGGTGTCCTCTCTGAGGTCCAGCTGCAACAGTCTGGACCTGAGCTGGTGAAGCCTGGGGCTTCAGTGAAGATACCCTGCAAGGCTTCTGGATACACATTCACTGACTACAACATGGACTGGGTGAAGCAGAGCCATGGAAAGAGCCTTGAGTGGATTGGAGATATTAATCCTAACAATGGTGGTACTATCTACAACCAGAAGTTCAAGGGCAAGGCCACATTGACTGTAGACAAGTCCTCCAGCACAGCCTACATGGAGCTCCGCAGCCTGACATCTGAGGACACTGCAGTCTATTACTGTGCAAGGGACTACGGTAGTAGCTACGGGTACTTCGATGTCTGGGGCACAGGGACCACGGTCACCGTCTCCTCAGCCTCTATCAGGAACCCTCAGCTCTACCCCTTGAAGCCCTGTAAAGGCACTGCTTCCATGACCCTGGGCTGCCTGGTAAAGGACTACTTCCCTGGTCCTGTGACTGTGACCTGGTATTCAGACTCCCTGAACATGAGCACTGTGAACTTCCCTGC	MGWSWIFLLFLSGTAGVLSEVQLQQSGPELVKPGASVKIPCKASGYTFTDYNMDWVKQSHGKSLEWIGDINPNNGGTIYNQKFKGKATLTVDKSSSTAYMELRSLTSEDTAVYYCARDYGSSYGYFDVWGTGTTVTVSSASIRNPQLYPLKPCKGTASMTLGCLVKDYFPGPVTVTWYSDSLNMSTVNFP	T	F	IGHV1-18	55S351M221S			IGHJ1	420S53M154S	IGHE	473S154M	TGGGAACATATGTCCAATGTCCTCTCCACAGGCACTGAACACACTGACTCTAACCATGGGATGGAGCTGGATCTTTCTCCTCTTCCTGTCAGGAACTGCAGGTGTCCTCTCTGAGGTCCAGCTGCAACAGTCTGGACCTGAGCTGGTGAAGCCTGGGGCTTCAGTGAAGATACCCTGCAAGGCTTCTGGATACACATTCACTGACTACAACATGGACTGGGTGAAGCAGAGCCATGGAAAGAGCCTTGAGTGGATTGGAGATATTAATCCTAACAATGGTGGTACTATCTACAACCAGAAGTTCAAGGGCAAGGCCACATTGACTGTAGACAAGTCCTCCAGCACAGCCTACATGGAGCTCCGCAGCCTGACATCTGAGGACACTGCAGTCTATTACTGTGCAAGGGACTACGGTAGTAGCTACGGGTACTTCGATGTCTGGGGCACAGGGACCACGGTCACCGTCTCCTCAGCCTCTATCAGGAACCCTCAGCTCTACCCCTTGAAGCCCTGTAAAGGCACTGCTTCCATGACCCTGGGCTGCCTGGTAAAGGACTACTTCCCTGGTCCTGTGACTGTGACCTGGTATTCAGACTCCCTGAACATGAGCACTGTGAACTTCCCTGC	ATGGGATGGAGCTGGATCTTTCTCCTCTTCCTGTCAGGAACTGCAGGTGTCCTCTCTGAGGTCCAGCTGCAACAGTCTGGACCTGAGCTGGTGAAGCCTGGGGCTTCAGTGAAGATACCCTGCAAGGCTTCTGGATACACATTCACTGACTACAACATGGACTGGGTGAAGCAGAGCCATGGAAAGAGCCTTGAGTGGATTGGAGATATTAATCCTAACAATGGTGGTACTATCTACAACCAGAAGTTCAAGGGCAAGGCCACATTGACTGTAGACAAGTCCTCCAGCACAGCCTACATGGAGCTCCGCAGCCTGACATCTGAGGACACTGCAGTCTATTACTGTGCAAGACTACTGGTACTTCGATGTCTGGGGCACAGGGACCACGGTCACCGTCTCCTCAGCCAAAACGACACCCCCATCTGTCTATCCACTGGCCCCTGGATCTGCTGCCCAAACTAACTCCATGGTGACCCTGGGATGCCTGGTCAAGGGCTATTTCCCTGAGCCAGTGACAGTGACCTGGAACTCTGGATCCCTGTCCAGCGGTGTGCACACCTTCCCAGCTGTCCTGCAGTCTGACCTCTACACTCTGAGCAGCTCAGTGACTGTCCCCTCCAGCACCTGGCCCAGCCAGACCGTCACCTGCAACGTTGCCCACCCGGCCAGCAGCACCAAGGTGGACAAGAAAATTGTGCCCAGGGATTGTGGTTGTAAGCCTTGCATATGTACAGTCCCAGAAGTATCATCTGTCTTCATCTTCCCCCCAAAGCCCAAGGATGTGCTCACCATTACTCTGACTCCTAAGGTCACGTGTGTTGTGGTAGACATCAGCAAGGATGATCCCGAGGTCCAGTTCAGCTGGTTTGTAGATGATGTGGAGGTGCACACAGCTCAGACGAAACCCCGGGAGGAGCAGATCAACAGCACTTTCCGTTCAGTCAGTGAACTTCCCATCATGCACCAGGACTGGCTCAATGGCAAGGAGTTCAAATGCAGGGTCAACAGTGCAGCTTTCCCTGCCCCCATCGAGAAAACCATCTCCAAAACCAAAGGCAGACCGAAGGCTCCACAGGTGTACACCATTCCACCTCCCAAGGAGCAGATGGCCAAGGATAAAGTCAGTCTGACCTGCATGATAACAAACTTCTTCCCTGAAGACATTACTGTGGAGTGGCAGTGGAATGGGCAGCCAGCGGAGAACTACAAGAACACTCAGCCCATCATGGACACAGATGGCTCTTACTTCGTCTACAGCAAGCTCAATGTGCAGAAGAGCAACTGGGAGGCAGGAAATACTTTCACCTGCTCTGTGTTACATGAGGGCCTGCACAACCACCATACTGAGAAGAGCCTCTCCCACTCTCCTGGTAAA	TGTGCAAGGGACTACGGTAGTAGCTACGGGTACTTCGATGTCTGG	CARDYGSSYGYFDVW	45	15	56	406			421	473	474	627	8152	624	T
ACCCCGAAGCAATCCA-1	clonotype1918	ACCCCGAAGCAATCCA-1_contig_1	CCGGCTTGCTTCTCTGGGGAGCATATGATCAGTGTCCTCTCCAAAGTCCTTGAACATAGACTCTAACCATGGAATGGACCTGGGTCTTTCTCTTCCTCCTGTCAGTAACTGCAGGTGTCCACTCCCAGGTTCAGCTGCAGCAGTCTGGAGCTGAGCTGATGAAGCCTGGGGCCTCAGTGAAGCTTTCCTGCAAGGCTACTGGCTACACATTCACTGGCTACTGGATAGAGTGGGTAAAGCAGAGGCCTGGACATGGCCTTGAGTGGATTGGAGAGATTTTACCTGGAAGTGGTAGTACTAACTACAATGAGAAGTTCAAGGGCAAGGCCACATTCACTGCAGATACATCCTCCAACACAGCCTACATGCAACTCAGCAGCCTGACAACTGAGGACTCTGCCATCTATTACTGTGCAAGGAGGGGCTACTTTGACTACTGGGGCCAAGGCACCACTCTCACAGTCTCCTCAGCCTCTATCAGGAACCCTCAGCTCTACCCCTTGAAGCCCTGTAAAGGCACTGCTTCCATGACCCTGGGCTGCCTGGTAAAGGACTACTTCCCTGGTCCTGTGACTGTGACCTGGTATTCAGACTCCCTGAACATGAGCACTGTGAACTTCCCTGC	MEWTWVFLFLLSVTAGVHSQVQLQQSGAELMKPGASVKLSCKATGYTFTGYWIEWVKQRPGHGLEWIGEILPGSGSTNYNEKFKGKATFTADTSSNTAYMQLSSLTTEDSAIYYCARRGYFDYWGQGTTLTVSSASIRNPQLYPLKPCKGTASMTLGCLVKDYFPGPVTVTWYSDSLNMSTVNFP	T	F	IGHV1-9	68S351M206S			IGHJ2	423S48M154S	IGHE	471S154M	CCGGCTTGCTTCTCTGGGGAGCATATGATCAGTGTCCTCTCCAAAGTCCTTGAACATAGACTCTAACCATGGAATGGACCTGGGTCTTTCTCTTCCTCCTGTCAGTAACTGCAGGTGTCCACTCCCAGGTTCAGCTGCAGCAGTCTGGAGCTGAGCTGATGAAGCCTGGGGCCTCAGTGAAGCTTTCCTGCAAGGCTACTGGCTACACATTCACTGGCTACTGGATAGAGTGGGTAAAGCAGAGGCCTGGACATGGCCTTGAGTGGATTGGAGAGATTTTACCTGGAAGTGGTAGTACTAACTACAATGAGAAGTTCAAGGGCAAGGCCACATTCACTGCAGATACATCCTCCAACACAGCCTACATGCAACTCAGCAGCCTGACAACTGAGGACTCTGCCATCTATTACTGTGCAAGGAGGGGCTACTTTGACTACTGGGGCCAAGGCACCACTCTCACAGTCTCCTCAGCCTCTATCAGGAACCCTCAGCTCTACCCCTTGAAGCCCTGTAAAGGCACTGCTTCCATGACCCTGGGCTGCCTGGTAAAGGACTACTTCCCTGGTCCTGTGACTGTGACCTGGTATTCAGACTCCCTGAACATGAGCACTGTGAACTTCCCTGC	ATGGAATGGACCTGGGTCTTTCTCTTCCTCCTGTCAGTAACTGCAGGTGTCCACTCCCAGGTTCAGCTGCAGCAGTCTGGAGCTGAGCTGATGAAGCCTGGGGCCTCAGTGAAGCTTTCCTGCAAGGCTACTGGCTACACATTCACTGGCTACTGGATAGAGTGGGTAAAGCAGAGGCCTGGACATGGCCTTGAGTGGATTGGAGAGATTTTACCTGGAAGTGGTAGTACTAACTACAATGAGAAGTTCAAGGGCAAGGCCACATTCACTGCAGATACATCCTCCAACACAGCCTACATGCAACTCAGCAGCCTGACAACTGAGGACTCTGCCATCTATTACTGTGCAAGAACTACTTTGACTACTGGGGCCAAGGCACCACTCTCACAGTCTCCTCAGCCTCTATCAGGAACCCTCAGCTCTACCCCTTGAAGCCCTGTAAAGGCACTGCTTCCATGACCCTGGGCTGCCTGGTAAAGGACTACTTCCCTGGTCCTGTGACTGTGACCTGGTATTCAGACTCCCTGAACATGAGCACTGTGAACTTCCCTGCCCTTGGTTCTGAACTCAAGGTCACCACCAGCCAAGTGACCAGCTGGGGCAAGTCAGCCAAGAACTTCACATGCCACGTGACACATCCTCCATCATTCAACGAAAGTAGGACTATCCTAGTTCGACCTGTCAACATCACTGAGCCCACCTTGGAGCTACTCCATTCATCCTGCGACCCCAATGCTTTCCACTCCACCATCCAGCTGTACTGCTTCATTTATGGCCACATCCTAAATGATGTCTCTGTCAGCTGGCTAATGGACGATCGGGAGATAACTGATACACTTGCACAAACTGTTCTAATCAAGGAGGAAGGCAAACTAGCCTCTACCTGCAGTAAACTCAACATCACTGAGCAGCAATGGATGTCTGAAAGCACCTTCACCTGCAAGGTCACCTCCCAAGGCGTAGACTATTTGGCCCACACTCGGAGATGCCCAGATCATGAGCCACGGGGTGTGATTACCTACCTGATCCCACCCAGCCCCCTGGACCTGTATCAAAACGGTGCTCCCAAGCTTACCTGTCTGGTGGTGGACCTGGAAAGCGAGAAGAATGTCAATGTGACGTGGAACCAAGAGAAGAAGACTCCAGTCTCAGCATCCCAGTGGTACACTAAGCACCACCATAACGCCACAACCAGTATCACCTCCATCCTGCCTGTAGTTGCCAAGGACTGGATTGAAGGCTACGGCTATCAGTGCATAGTGGACCACCCTGATTTTCCCAAGCCCATTGTGCGTTCCATCACCAAGACCCCAGGCCAGCGCTCAGCCCCCGAGGTATATGTGTTCCCACCACCAGAGGAGGAGAGCGAGGACAAACGCACACTCACCTGCTTGATCCAGAACTTCTTCCCTGAGGATATCTCTGTGCAGTGGCTGGAGGATGGCAAACTGATCTCAAACAGCCATCACAGTACCACAACACCCCTGAAATCCAATGGCTCCAATCAAGGCTTCTTCATCTTCAGTCGCCTAGAGGTCGCCAAGACACTCTGGACACAGAGAAAACAGTTCACCTGCCAAGTGATCCATGAGGCACTTCAGAAACCCAGGAAACTGGAGAAAACAATATCCACGAGCCTTGGTAACACCTCCCTCCATCCCTCC	TGTGCAAGGAGGGGCTACTTTGACTACTGG	CARRGYFDYW	30	10	69	419			424	471	472	625	22683	4019	T
ACGACCCCACCATTCC-1	clonotype23	ACGACCCCACCATTCC-1_contig_2	GATGATCAGTGTCCTCTCCACAGTTCCTGAAGACACTGACTCTAACCATGGGATGGAGCTGGATCTTTCTTTTCCTCCTGTCAGGAACTGCAGGTGTCCATTGCCAGATCCAGCTGCAGCAGTCTGGACCTGAGCTGGTGAAGCCTGGGGCTTCAGTGAAGATATCCTGCAAGGCTTCTGGCTACACCTTCACTGACTACTATATAAACTGGGTGAAGCAGAGGCCTGGACAGGGACTTGAGTGGATTGGATGGATTTATCCTGGAAGCGGTAATACTAAGTACAATGAGAAGTTCAAGGGCAAGGCCACATTGACTGTAGACACATCCTCCAGCACAGCCTACATGCAGCTCAGCAGCCTGACCTCTGAGGACTCTGCGGTCTATTTCTGTGCAAGATGGGATGCTAACCTATATTACTATGCTATGGACTACTGGGGTCAAGGAACCTCAGTCACCGTCTCCTCAGCCTCTATCAGGAACCCTCAGCTCTACCCCTTGAAGCCCTGTAAAGGCACTGCTTCCATGACCCTGGGCTGCCTGGTAAAGGACTACTTCCCTGGTCCTGTGACTGTGACCTGGTATTCAGACTCCCTGAACATGAGCACTGTGAACTTCCCTGC	MGWSWIFLFLLSGTAGVHCQIQLQQSGPELVKPGASVKISCKASGYTFTDYYINWVKQRPGQGLEWIGWIYPGSGNTKYNEKFKGKATLTVDTSSSTAYMQLSSLTSEDSAVYFCARWDANLYYYAMDYWGQGTSVTVSSASIRNPQLYPLKPCKGTASMTLGCLVKDYFPGPVTVTWYSDSLNMSTVNFP	T	F	IGHV1-84	47S351M224S			IGHJ4	414S54M154S	IGHE	468S154M	GATGATCAGTGTCCTCTCCACAGTTCCTGAAGACACTGACTCTAACCATGGGATGGAGCTGGATCTTTCTTTTCCTCCTGTCAGGAACTGCAGGTGTCCATTGCCAGATCCAGCTGCAGCAGTCTGGACCTGAGCTGGTGAAGCCTGGGGCTTCAGTGAAGATATCCTGCAAGGCTTCTGGCTACACCTTCACTGACTACTATATAAACTGGGTGAAGCAGAGGCCTGGACAGGGACTTGAGTGGATTGGATGGATTTATCCTGGAAGCGGTAATACTAAGTACAATGAGAAGTTCAAGGGCAAGGCCACATTGACTGTAGACACATCCTCCAGCACAGCCTACATGCAGCTCAGCAGCCTGACCTCTGAGGACTCTGCGGTCTATTTCTGTGCAAGATGGGATGCTAACCTATATTACTATGCTATGGACTACTGGGGTCAAGGAACCTCAGTCACCGTCTCCTCAGCCTCTATCAGGAACCCTCAGCTCTACCCCTTGAAGCCCTGTAAAGGCACTGCTTCCATGACCCTGGGCTGCCTGGTAAAGGACTACTTCCCTGGTCCTGTGACTGTGACCTGGTATTCAGACTCCCTGAACATGAGCACTGTGAACTTCCCTGC	ATGGGATGGAGCTGGATCTTTCTTTTCCTCCTGTCAGGAACTGCAGGTGTCCATTGCCAGATCCAGCTGCAGCAGTCTGGACCTGAGCTGGTGAAGCCTGGGGCTTCAGTGAAGATATCCTGCAAGGCTTCTGGCTACACCTTCACTGACTACTATATAAACTGGGTGAAGCAGAGGCCTGGACAGGGACTTGAGTGGATTGGATGGATTTATCCTGGAAGCGGTAATACTAAGTACAATGAGAAGTTCAAGGGCAAGGCCACATTGACTGTAGACACATCCTCCAGCACAGCCTACATGCAGCTCAGCAGCCTGACCTCTGAGGACTCTGCGGTCTATTTCTGTGCAAGAATTACTATGCTATGGACTACTGGGGTCAAGGAACCTCAGTCACCGTCTCCTCAGCCAAAACGACACCCCCATCTGTCTATCCACTGGCCCCTGGATCTGCTGCCCAAACTAACTCCATGGTGACCCTGGGATGCCTGGTCAAGGGCTATTTCCCTGAGCCAGTGACAGTGACCTGGAACTCTGGATCCCTGTCCAGCGGTGTGCACACCTTCCCAGCTGTCCTGCAGTCTGACCTCTACACTCTGAGCAGCTCAGTGACTGTCCCCTCCAGCACCTGGCCCAGCCAGACCGTCACCTGCAACGTTGCCCACCCGGCCAGCAGCACCAAGGTGGACAAGAAAATTGTGCCCAGGGATTGTGGTTGTAAGCCTTGCATATGTACAGTCCCAGAAGTATCATCTGTCTTCATCTTCCCCCCAAAGCCCAAGGATGTGCTCACCATTACTCTGACTCCTAAGGTCACGTGTGTTGTGGTAGACATCAGCAAGGATGATCCCGAGGTCCAGTTCAGCTGGTTTGTAGATGATGTGGAGGTGCACACAGCTCAGACGAAACCCCGGGAGGAGCAGATCAACAGCACTTTCCGTTCAGTCAGTGAACTTCCCATCATGCACCAGGACTGGCTCAATGGCAAGGAGTTCAAATGCAGGGTCAACAGTGCAGCTTTCCCTGCCCCCATCGAGAAAACCATCTCCAAAACCAAAGGCAGACCGAAGGCTCCACAGGTGTACACCATTCCACCTCCCAAGGAGCAGATGGCCAAGGATAAAGTCAGTCTGACCTGCATGATAACAAACTTCTTCCCTGAAGACATTACTGTGGAGTGGCAGTGGAATGGGCAGCCAGCGGAGAACTACAAGAACACTCAGCCCATCATGGACACAGATGGCTCTTACTTCGTCTACAGCAAGCTCAATGTGCAGAAGAGCAACTGGGAGGCAGGAAATACTTTCACCTGCTCTGTGTTACATGAGGGCCTGCACAACCACCATACTGAGAAGAGCCTCTCCCACTCTCCTGGTAAA	TGTGCAAGATGGGATGCTAACCTATATTACTATGCTATGGACTACTGG	CARWDANLYYYAMDYW	48	16	48	398			415	468	469	622	1060	14	T
AGAATCAAGAACGTTT-1	clonotype126	AGAATCAAGAACGTTT-1_contig_2	CTTCTCCACAGTCCCAGAACACACTCACTCTAACCATGGAATGGCCTTGTATCTTTCTCTTCCTCCTGTCAGTAACTGAAGGTGTCCACTCCCAGGTTCAGCTGCAGCAGTCTGGACCTGAGCTGGTGAAGCCTGGGGCCTCAGTGAAGATTTCCTGCAAGGCTTCTGGCTACGCATTCAGTAGCTCCTGGATGAACTGGGTGAAGCAGAGGCCTGGAAAGGGTCTTGAGTGGATTGGACGGATTTATCCTGGAGATGGAGATACTAACTACAATGGGAAGTTCAAGGGCAAGGCCACACTGACTGCAGACAAATCCTCCAGCACAGCCTACATGCAACTCAGCAGCCTGACATCTGAGGACTCTGCGGTCTACTTCTGTGCAACTATGGTTACGGGGGGGGGGCCCTTTGACTACTGGGGCCAAGGCACCACTCTCACAGTCTCCTCAGCCTCTATCAGGAACCCTCAGCTCTACCCCTTGAAGCCCTGTAAAGGCACTGCTTCCATGACCCTGGGCTGCCTGGTAAAGGACTACTTCCCTGGTCCTGTGACTGTGACCTGGTATTCAGACTCCCTGAACATGAGCACTGTGAACTTCCCTGC	MEWPCIFLFLLSVTEGVHSQVQLQQSGPELVKPGASVKISCKASGYAFSSSWMNWVKQRPGKGLEWIGRIYPGDGDTNYNGKFKGKATLTADKSSSTAYMQLSSLTSEDSAVYFCATMVTGGGPFDYWGQGTTLTVSSASIRNPQLYPLKPCKGTASMTLGCLVKDYFPGPVTVTWYSDSLNMSTVNFP	T	F	IGHV1-82	35S351M218S			IGHJ2	402S48M154S	IGHE	450S154M	CTTCTCCACAGTCCCAGAACACACTCACTCTAACCATGGAATGGCCTTGTATCTTTCTCTTCCTCCTGTCAGTAACTGAAGGTGTCCACTCCCAGGTTCAGCTGCAGCAGTCTGGACCTGAGCTGGTGAAGCCTGGGGCCTCAGTGAAGATTTCCTGCAAGGCTTCTGGCTACGCATTCAGTAGCTCCTGGATGAACTGGGTGAAGCAGAGGCCTGGAAAGGGTCTTGAGTGGATTGGACGGATTTATCCTGGAGATGGAGATACTAACTACAATGGGAAGTTCAAGGGCAAGGCCACACTGACTGCAGACAAATCCTCCAGCACAGCCTACATGCAACTCAGCAGCCTGACATCTGAGGACTCTGCGGTCTACTTCTGTGCAACTATGGTTACGGGGGGGGGGCCCTTTGACTACTGGGGCCAAGGCACCACTCTCACAGTCTCCTCAGCCTCTATCAGGAACCCTCAGCTCTACCCCTTGAAGCCCTGTAAAGGCACTGCTTCCATGACCCTGGGCTGCCTGGTAAAGGACTACTTCCCTGGTCCTGTGACTGTGACCTGGTATTCAGACTCCCTGAACATGAGCACTGTGAACTTCCCTGC	CTTCTCCACAGTCCCAGAACACACTCACTCTAACCATGGAATGGCCTTGTATCTTTCTCTTCCTCCTGTCAGTAACTGAAGGTGTCCACTCCCAGGTTCAGCTGCAGCAGTCTGGACCTGAGCTGGTGAAGCCTGGGGCCTCAGTGAAGATTTCCTGCAAGGCTTCTGGCTACGCATTCAGTAGCTCCTGGATGAACTGGGTGAAGCAGAGGCCTGGAAAGGGTCTTGAGTGGATTGGACGGATTTATCCTGGAGATGGAGATACTAACTACAATGGGAAGTTCAAGGGCAAGGCCACACTGACTGCAGACAAATCCTCCAGCACAGCCTACATGCAACTCAGCAGCCTGACATCTGAGGACTCTGCGGTCTACTTCTGTGCAAGAACTACTTTGACTACTGGGGCCAAGGCACCACTCTCACAGTCTCCTCAGCCAAAACGACACCCCCATCTGTCTATCCACTGGCCCCTGGATCTGCTGCCCAAACTAACTCCATGGTGACCCTGGGATGCCTGGTCAAGGGCTATTTCCCTGAGCCAGTGACAGTGACCTGGAACTCTGGATCCCTGTCCAGCGGTGTGCACACCTTCCCAGCTGTCCTGCAGTCTGACCTCTACACTCTGAGCAGCTCAGTGACTGTCCCCTCCAGCACCTGGCCCAGCCAGACCGTCACCTGCAACGTTGCCCACCCGGCCAGCAGCACCAAGGTGGACAAGAAAATTGTGCCCAGGGATTGTGGTTGTAAGCCTTGCATATGTACAGTCCCAGAAGTATCATCTGTCTTCATCTTCCCCCCAAAGCCCAAGGATGTGCTCACCATTACTCTGACTCCTAAGGTCACGTGTGTTGTGGTAGACATCAGCAAGGATGATCCCGAGGTCCAGTTCAGCTGGTTTGTAGATGATGTGGAGGTGCACACAGCTCAGACGAAACCCCGGGAGGAGCAGATCAACAGCACTTTCCGTTCAGTCAGTGAACTTCCCATCATGCACCAGGACTGGCTCAATGGCAAGGAGTTCAAATGCAGGGTCAACAGTGCAGCTTTCCCTGCCCCCATCGAGAAAACCATCTCCAAAACCAAAGGCAGACCGAAGGCTCCACAGGTGTACACCATTCCACCTCCCAAGGAGCAGATGGCCAAGGATAAAGTCAGTCTGACCTGCATGATAACAAACTTCTTCCCTGAAGACATTACTGTGGAGTGGCAGTGGAATGGGCAGCCAGCGGAGAACTACAAGAACACTCAGCCCATCATGGACACAGATGGCTCTTACTTCGTCTACAGCAAGCTCAATGTGCAGAAGAGCAACTGGGAGGCAGGAAATACTTTCACCTGCTCTGTGTTACATGAGGGCCTGCACAACCACCATACTGAGAAGAGCCTCTCCCACTCTCCTGGTAAA	TGTGCAACTATGGTTACGGGGGGGGGGCCCTTTGACTACTGG	CATMVTGGGPFDYW	42	14	36	386			403	450	451	604	312	7	T
AGCGTGAAGGTGATTT-1	clonotype171	AGCGTGAAGGTGATTT-1_contig_2	TGGGGAGGCAGAGAACTTTAGCCCTGTCTTCCCTTTTAGTGTTCAGCACTGACAATATAACATTGAACATGGTGTTGGGGCTTAAGTGGGTTTTCTTTGTTGTTTTTTATCAAGGTGTGCATTGTGAGGTGCAGCTTGTTGAGTCTGGTGGAGGATTGGTGCAGCCTAAAGGATCATTGAAACTCTCATGTGCCGCCTCTGGTTTCACCTTCAATACCTATGCCATGCACTGGGTCCGCCAGGCTCCAGGAAAGGGTTTGGAATGGGTTGCTCGCATAAGAAGTAAAAGTAGTAATTATGCAACATATTATGCCGATTCAGTGAAAGACAGATTCACCATCTCCAGAGATGATTCACAAAGCATGCTCTATCTGCAAATGAACAACCTGAAAACTGAGGACACAGCCATGTATTACTGTGTGAGAGATTTCTATGATGGTTACTTCTTTGACTACTGGGGCCAAGGCACCACTCTCACAGTCTCCTCAGCCTCTATCAGGAACCCTCAGCTCTACCCCTTGAAGCCCTGTAAAGGCACTGCTTCCATGACCCTGGGCTGCCTGGTAAAGGACTACTTCCCTGGTCCTGTGACTGTGACCTGGTATTCAGACTCCCTGAACATGAGCACTGTGAACTTCCCTGC	MVLGLKWVFFVVFYQGVHCEVQLVESGGGLVQPKGSLKLSCAASGFTFNTYAMHWVRQAPGKGLEWVARIRSKSSNYATYYADSVKDRFTISRDDSQSMLYLQMNNLKTEDTAMYYCVRDFYDGYFFDYWGQGTTLTVSSASIRNPQLYPLKPCKGTASMTLGCLVKDYFPGPVTVTWYSDSLNMSTVNFP	T	F	IGHV10-3	68S359M216S	IGHD2-3	429S17M197S	IGHJ2	441S48M154S	IGHE	489S154M	TGGGGAGGCAGAGAACTTTAGCCCTGTCTTCCCTTTTAGTGTTCAGCACTGACAATATAACATTGAACATGGTGTTGGGGCTTAAGTGGGTTTTCTTTGTTGTTTTTTATCAAGGTGTGCATTGTGAGGTGCAGCTTGTTGAGTCTGGTGGAGGATTGGTGCAGCCTAAAGGATCATTGAAACTCTCATGTGCCGCCTCTGGTTTCACCTTCAATACCTATGCCATGCACTGGGTCCGCCAGGCTCCAGGAAAGGGTTTGGAATGGGTTGCTCGCATAAGAAGTAAAAGTAGTAATTATGCAACATATTATGCCGATTCAGTGAAAGACAGATTCACCATCTCCAGAGATGATTCACAAAGCATGCTCTATCTGCAAATGAACAACCTGAAAACTGAGGACACAGCCATGTATTACTGTGTGAGAGATTTCTATGATGGTTACTTCTTTGACTACTGGGGCCAAGGCACCACTCTCACAGTCTCCTCAGCCTCTATCAGGAACCCTCAGCTCTACCCCTTGAAGCCCTGTAAAGGCACTGCTTCCATGACCCTGGGCTGCCTGGTAAAGGACTACTTCCCTGGTCCTGTGACTGTGACCTGGTATTCAGACTCCCTGAACATGAGCACTGTGAACTTCCCTGC	ATGGTGTTGGGGCTTAAGTGGGTTTTCTTTGTTGTTTTTTATCAAGGTGTGCATTGTGAGGTGCAGCTTGTTGAGTCTGGTGGAGGATTGGTGCAGCCTAAAGGATCATTGAAACTCTCATGTGCCGCCTCTGGTTTCACCTTCAATACCTATGCCATGCACTGGGTCCGCCAGGCTCCAGGAAAGGGTTTGGAATGGGTTGCTCGCATAAGAAGTAAAAGTAGTAATTATGCAACATATTATGCCGATTCAGTGAAAGACAGATTCACCATCTCCAGAGATGATTCACAAAGCATGCTCTATCTGCAAATGAACAACCTGAAAACTGAGGACACAGCCATGTATTACTGTGTGAGAGATCTATGATGGTTACTACACTACTTTGACTACTGGGGCCAAGGCACCACTCTCACAGTCTCCTCAGCCAAAACGACACCCCCATCTGTCTATCCACTGGCCCCTGGATCTGCTGCCCAAACTAACTCCATGGTGACCCTGGGATGCCTGGTCAAGGGCTATTTCCCTGAGCCAGTGACAGTGACCTGGAACTCTGGATCCCTGTCCAGCGGTGTGCACACCTTCCCAGCTGTCCTGCAGTCTGACCTCTACACTCTGAGCAGCTCAGTGACTGTCCCCTCCAGCACCTGGCCCAGCCAGACCGTCACCTGCAACGTTGCCCACCCGGCCAGCAGCACCAAGGTGGACAAGAAAATTGTGCCCAGGGATTGTGGTTGTAAGCCTTGCATATGTACAGTCCCAGAAGTATCATCTGTCTTCATCTTCCCCCCAAAGCCCAAGGATGTGCTCACCATTACTCTGACTCCTAAGGTCACGTGTGTTGTGGTAGACATCAGCAAGGATGATCCCGAGGTCCAGTTCAGCTGGTTTGTAGATGATGTGGAGGTGCACACAGCTCAGACGAAACCCCGGGAGGAGCAGATCAACAGCACTTTCCGTTCAGTCAGTGAACTTCCCATCATGCACCAGGACTGGCTCAATGGCAAGGAGTTCAAATGCAGGGTCAACAGTGCAGCTTTCCCTGCCCCCATCGAGAAAACCATCTCCAAAACCAAAGGCAGACCGAAGGCTCCACAGGTGTACACCATTCCACCTCCCAAGGAGCAGATGGCCAAGGATAAAGTCAGTCTGACCTGCATGATAACAAACTTCTTCCCTGAAGACATTACTGTGGAGTGGCAGTGGAATGGGCAGCCAGCGGAGAACTACAAGAACACTCAGCCCATCATGGACACAGATGGCTCTTACTTCGTCTACAGCAAGCTCAATGTGCAGAAGAGCAACTGGGAGGCAGGAAATACTTTCACCTGCTCTGTGTTACATGAGGGCCTGCACAACCACCATACTGAGAAGAGCCTCTCCCACTCTCCTGGTAAA	TGTGTGAGAGATTTCTATGATGGTTACTTCTTTGACTACTGG	CVRDFYDGYFFDYW	42	14	69	427	430	446	442	489	490	643	14214	1329	T
AGTCAGCTCCGTATAG-1	clonotype1760	AGTCAGCTCCGTATAG-1_contig_1	TGGGGAGAAAAACATGAGATCACTGTTCTCTCTACAGTTACTGAGCACACAGGACCTCACCATGACATGGAGCTGTATCATCCTCTTCTTGGTAGCAACAGCTACAGGTGTCCACTCCCAGGTCCAACTGCAGCAGCCTGGGGCTGAACTGGTGAAGCCTGGGGCTTCAGTGAAGGTGTCCTGCAAGGCTTCTGGCTACACCTTCACCAGCTACTGGATGCACTGGGTGAAGCAGAGGCCTGGCCAAGGCCTTGAGTGGATTGGAAGGATTCATCCTTCTGATAGTGATACTAACTACAATCAAAAGTTCAAGGGCAAGGCCACATTGACTGTAGACAAATCCTCCAGCACAGCCTACATGCAGCTCAGCAGCCTGACATCTGAGGACTCTGCGGTCTATTACTGTGCAATGGAGTTTGACTACTGGGGCCAAGGCACCACTCTCACAGTCTCCTCAGCCTCTATCAGGAACCCTCAGCTCTACCCCTTGAAGCCCTGTAAAGGCACTGCTTCCATGACCCTGGGCTGCCTGGTAAAGGACTACTTCCCTGGTCCTGTGACTGTGACCTGGTATTCAGACTCCCTGAACATGAGCACTGTGAACTTCCCTGC	MTWSCIILFLVATATGVHSQVQLQQPGAELVKPGASVKVSCKASGYTFTSYWMHWVKQRPGQGLEWIGRIHPSDSDTNYNQKFKGKATLTVDKSSSTAYMQLSSLTSEDSAVYYCAMEFDYWGQGTTLTVSSASIRNPQLYPLKPCKGTASMTLGCLVKDYFPGPVTVTWYSDSLNMSTVNFP	T	F	IGHV1-74	61S351M200S			IGHJ2	410S48M154S	IGHE	458S154M	TGGGGAGAAAAACATGAGATCACTGTTCTCTCTACAGTTACTGAGCACACAGGACCTCACCATGACATGGAGCTGTATCATCCTCTTCTTGGTAGCAACAGCTACAGGTGTCCACTCCCAGGTCCAACTGCAGCAGCCTGGGGCTGAACTGGTGAAGCCTGGGGCTTCAGTGAAGGTGTCCTGCAAGGCTTCTGGCTACACCTTCACCAGCTACTGGATGCACTGGGTGAAGCAGAGGCCTGGCCAAGGCCTTGAGTGGATTGGAAGGATTCATCCTTCTGATAGTGATACTAACTACAATCAAAAGTTCAAGGGCAAGGCCACATTGACTGTAGACAAATCCTCCAGCACAGCCTACATGCAGCTCAGCAGCCTGACATCTGAGGACTCTGCGGTCTATTACTGTGCAATGGAGTTTGACTACTGGGGCCAAGGCACCACTCTCACAGTCTCCTCAGCCTCTATCAGGAACCCTCAGCTCTACCCCTTGAAGCCCTGTAAAGGCACTGCTTCCATGACCCTGGGCTGCCTGGTAAAGGACTACTTCCCTGGTCCTGTGACTGTGACCTGGTATTCAGACTCCCTGAACATGAGCACTGTGAACTTCCCTGC	ATGAGATGGAGCTGTATCATCCTCTTCTTGGTAGCAACAGCTACAGGTGTCCACTCCCAGGTCCAACTGCAGCAGCCTGGGGCTGAACTGGTGAAGCCTGGGGCTTCAGTGAAGGTGTCCTGCAAGGCTTCTGGCTACACCTTCACCAGCTACTGGATGCACTGGGTGAAGCAGAGGCCTGGCCAAGGCCTTGAGTGGATTGGAAGGATTCATCCTTCTGATAGTGATACTAACTACAATCAAAAGTTCAAGGGCAAGGCCACATTGACTGTAGACAAATCCTCCAGCACAGCCTACATGCAGCTCAGCAGCCTGACATCTGAGGACTCTGCGGTCTATTACTGTGCAATAACTACTTTGACTACTGGGGCCAAGGCACCACTCTCACAGTCTCCTCAGCCTCTATCAGGAACCCTCAGCTCTACCCCTTGAAGCCCTGTAAAGGCACTGCTTCCATGACCCTGGGCTGCCTGGTAAAGGACTACTTCCCTGGTCCTGTGACTGTGACCTGGTATTCAGACTCCCTGAACATGAGCACTGTGAACTTCCCTGCCCTTGGTTCTGAACTCAAGGTCACCACCAGCCAAGTGACCAGCTGGGGCAAGTCAGCCAAGAACTTCACATGCCACGTGACACATCCTCCATCATTCAACGAAAGTAGGACTATCCTAGTTCGACCTGTCAACATCACTGAGCCCACCTTGGAGCTACTCCATTCATCCTGCGACCCCAATGCTTTCCACTCCACCATCCAGCTGTACTGCTTCATTTATGGCCACATCCTAAATGATGTCTCTGTCAGCTGGCTAATGGACGATCGGGAGATAACTGATACACTTGCACAAACTGTTCTAATCAAGGAGGAAGGCAAACTAGCCTCTACCTGCAGTAAACTCAACATCACTGAGCAGCAATGGATGTCTGAAAGCACCTTCACCTGCAAGGTCACCTCCCAAGGCGTAGACTATTTGGCCCACACTCGGAGATGCCCAGATCATGAGCCACGGGGTGTGATTACCTACCTGATCCCACCCAGCCCCCTGGACCTGTATCAAAACGGTGCTCCCAAGCTTACCTGTCTGGTGGTGGACCTGGAAAGCGAGAAGAATGTCAATGTGACGTGGAACCAAGAGAAGAAGACTCCAGTCTCAGCATCCCAGTGGTACACTAAGCACCACCATAACGCCACAACCAGTATCACCTCCATCCTGCCTGTAGTTGCCAAGGACTGGATTGAAGGCTACGGCTATCAGTGCATAGTGGACCACCCTGATTTTCCCAAGCCCATTGTGCGTTCCATCACCAAGACCCCAGGCCAGCGCTCAGCCCCCGAGGTATATGTGTTCCCACCACCAGAGGAGGAGAGCGAGGACAAACGCACACTCACCTGCTTGATCCAGAACTTCTTCCCTGAGGATATCTCTGTGCAGTGGCTGGAGGATGGCAAACTGATCTCAAACAGCCATCACAGTACCACAACACCCCTGAAATCCAATGGCTCCAATCAAGGCTTCTTCATCTTCAGTCGCCTAGAGGTCGCCAAGACACTCTGGACACAGAGAAAACAGTTCACCTGCCAAGTGATCCATGAGGCACTTCAGAAACCCAGGAAACTGGAGAAAACAATATCCACGAGCCTTGGTAACACCTCCCTCCATCCCTCC	TGTGCAATGGAGTTTGACTACTGG	CAMEFDYW	24	8	62	412			411	458	459	612	21930	6912	T
ATCGTACCAACTCGCA-1	clonotype2600	ATCGTACCAACTCGCA-1_contig_1	ATCAGTGTCCTCTCCACAGACAAAGAAAACTCTGACTCAACATGGAAAGGCACTGGATCTTTCTCTTCCTGTTGTCAGTAACTTCAGGTGTCCACTCCCAGGTCCAGCTGCAGCAGTCTGGGGCTGAACTGGCAAGACCTGGTGCCTCAGTGAAGATGTCCTGCAAGGCTTCTGGCTACACCTTTACTAGGTACACGATGCACTGGGTAAAACAGAGGCCTGGACAGGGTCTGGAATGGATTGGATACATTAATCCTAGCAGTGGTTATACTAAGTACAATCAGAAGTTCAAGGACAAGGCCACATTGACTGCAGACAAATCCTCCAGCACAGCCTACATGCAACTGAGCAGCCTGACATCTGAGGACTCTGCAGTCTATTTCTGTACAAGAGATTCCAACTCGGACGACTACTTTGTCTACTGGGGCCAAGGCACCACTCTCACAGTCTCCTCAGCCTCTATCAGGAACCCTCAGCTCTACCCCTTGAAGCCCTGTAAAGGCACTGCTTCCATGACCCTGGGCTGCCTGGTAAAGGACTACTTCCCTGGTCCTGTGACTGTGACCTGGTATTCAGACTCCCTGAACATGAGCACTGTGAACTTCCCTGC	MERHWIFLFLLSVTSGVHSQVQLQQSGAELARPGASVKMSCKASGYTFTRYTMHWVKQRPGQGLEWIGYINPSSGYTKYNQKFKDKATLTADKSSSTAYMQLSSLTSEDSAVYFCTRDSNSDDYFVYWGQGTTLTVSSASIRNPQLYPLKPCKGTASMTLGCLVKDYFPGPVTVTWYSDSLNMSTVNFP	T	F	IGHV1-4	41S351M218S			IGHJ2	408S48M154S	IGHE	456S154M	ATCAGTGTCCTCTCCACAGACAAAGAAAACTCTGACTCAACATGGAAAGGCACTGGATCTTTCTCTTCCTGTTGTCAGTAACTTCAGGTGTCCACTCCCAGGTCCAGCTGCAGCAGTCTGGGGCTGAACTGGCAAGACCTGGTGCCTCAGTGAAGATGTCCTGCAAGGCTTCTGGCTACACCTTTACTAGGTACACGATGCACTGGGTAAAACAGAGGCCTGGACAGGGTCTGGAATGGATTGGATACATTAATCCTAGCAGTGGTTATACTAAGTACAATCAGAAGTTCAAGGACAAGGCCACATTGACTGCAGACAAATCCTCCAGCACAGCCTACATGCAACTGAGCAGCCTGACATCTGAGGACTCTGCAGTCTATTTCTGTACAAGAGATTCCAACTCGGACGACTACTTTGTCTACTGGGGCCAAGGCACCACTCTCACAGTCTCCTCAGCCTCTATCAGGAACCCTCAGCTCTACCCCTTGAAGCCCTGTAAAGGCACTGCTTCCATGACCCTGGGCTGCCTGGTAAAGGACTACTTCCCTGGTCCTGTGACTGTGACCTGGTATTCAGACTCCCTGAACATGAGCACTGTGAACTTCCCTGC	ATGGAAAGGCACTGGATCTTTCTCTTCCTGTTGTCAGTAACTTCAGGTGTCCACTCCCAGGTCCAGCTGCAGCAGTCTGGGGCTGAACTGGCAAGACCTGGTGCCTCAGTGAAGATGTCCTGCAAGGCTTCTGGCTACACCTTTACTAGCTACACGATGCACTGGGTAAAACAGAGGCCTGGACAGGGTCTGGAATGGATTGGATACATTAATCCTAGCAGTGGTTATACTAAGTACAATCAGAAGTTCAAGGACAAGGCCACATTGACTGCAGACAAATCCTCCAGCACAGCCTACATGCAACTGAGCAGCCTGACATCTGAGGACTCTGCAGTCTATTACTGTGCAAGAACTACTTTGACTACTGGGGCCAAGGCACCACTCTCACAGTCTCCTCAGCCTCTATCAGGAACCCTCAGCTCTACCCCTTGAAGCCCTGTAAAGGCACTGCTTCCATGACCCTGGGCTGCCTGGTAAAGGACTACTTCCCTGGTCCTGTGACTGTGACCTGGTATTCAGACTCCCTGAACATGAGCACTGTGAACTTCCCTGCCCTTGGTTCTGAACTCAAGGTCACCACCAGCCAAGTGACCAGCTGGGGCAAGTCAGCCAAGAACTTCACATGCCACGTGACACATCCTCCATCATTCAACGAAAGTAGGACTATCCTAGTTCGACCTGTCAACATCACTGAGCCCACCTTGGAGCTACTCCATTCATCCTGCGACCCCAATGCTTTCCACTCCACCATCCAGCTGTACTGCTTCATTTATGGCCACATCCTAAATGATGTCTCTGTCAGCTGGCTAATGGACGATCGGGAGATAACTGATACACTTGCACAAACTGTTCTAATCAAGGAGGAAGGCAAACTAGCCTCTACCTGCAGTAAACTCAACATCACTGAGCAGCAATGGATGTCTGAAAGCACCTTCACCTGCAAGGTCACCTCCCAAGGCGTAGACTATTTGGCCCACACTCGGAGATGCCCAGATCATGAGCCACGGGGTGTGATTACCTACCTGATCCCACCCAGCCCCCTGGACCTGTATCAAAACGGTGCTCCCAAGCTTACCTGTCTGGTGGTGGACCTGGAAAGCGAGAAGAATGTCAATGTGACGTGGAACCAAGAGAAGAAGACTCCAGTCTCAGCATCCCAGTGGTACACTAAGCACCACCATAACGCCACAACCAGTATCACCTCCATCCTGCCTGTAGTTGCCAAGGACTGGATTGAAGGCTACGGCTATCAGTGCATAGTGGACCACCCTGATTTTCCCAAGCCCATTGTGCGTTCCATCACCAAGACCCCAGGCCAGCGCTCAGCCCCCGAGGTATATGTGTTCCCACCACCAGAGGAGGAGAGCGAGGACAAACGCACACTCACCTGCTTGATCCAGAACTTCTTCCCTGAGGATATCTCTGTGCAGTGGCTGGAGGATGGCAAACTGATCTCAAACAGCCATCACAGTACCACAACACCCCTGAAATCCAATGGCTCCAATCAAGGCTTCTTCATCTTCAGTCGCCTAGAGGTCGCCAAGACACTCTGGACACAGAGAAAACAGTTCACCTGCCAAGTGATCCATGAGGCACTTCAGAAACCCAGGAAACTGGAGAAAACAATATCCACGAGCCTTGGTAACACCTCCCTCCATCCCTCC	TGTACAAGAGATTCCAACTCGGACGACTACTTTGTCTACTGG	CTRDSNSDDYFVYW	42	14	42	392			409	456	457	610	156	3	T
CATCGCTGTACGCGCG-1	clonotype77	CATCGCTGTACGCGCG-1_contig_1	GGGATCCTCTTCTCATAGAGCCTCCATCAGAGCATGGCTGTCCTGGCGCTACTCCTCTGCCTGGTGACTTTCCCAAGCTGTGCCCTGTCCCAGGTGCAGCTGAAGGAGTCAGGACCTGGCCTGGTGGCGCCCTCACAGAGCCTGTCCATCACATGCACTGTCTCTGAGTTCTCATTAATCAGTTATGTTATAAGCTGGGTTCGCCAGCCACCAGGAAAGGGTCTGGAGTGGCTTGGAATAATATGGACTGGTGGAGGCACAAATTATAATTCAGCTCTCAAATCCAGACTGAGCATCAGCAAAGACAACTCCAAGAGTCAAGTTTTCTTAAAAATGAACAGTCTGCAAACTGATGACACAGCCAGGTACTACTGTGCCAGATATGATTACGACGGGAACGGGCCCCGTTTTGCTTACTGGGGCCAAGGGACTCTGGTCACTGTCTCTGCAGCCTCTATCAGGAACCCTCAGCTCTACCCCTTGAAGCCCTGTAAAGGCACTGCTTCCATGACCCTGGGCTGCCTGGTAAAGGACTACTTCCCTGGTCCTGTGACTGTGACCTGGTATTCAGACTCCCTGAACATGAGCACTGTGAACTTCCCTGC	MAVLALLLCLVTFPSCALSQVQLKESGPGLVAPSQSLSITCTVSEFSLISYVISWVRQPPGKGLEWLGIIWTGGGTNYNSALKSRLSISKDNSKSQVFLKMNSLQTDDTARYYCARYDYDGNGPRFAYWGQGTLVTVSAASIRNPQLYPLKPCKGTASMTLGCLVKDYFPGPVTVTWYSDSLNMSTVNFP	T	F	IGHV2-9-1	33S350M222S			IGHJ3	403S48M154S	IGHE	451S154M	GGGATCCTCTTCTCATAGAGCCTCCATCAGAGCATGGCTGTCCTGGCGCTACTCCTCTGCCTGGTGACTTTCCCAAGCTGTGCCCTGTCCCAGGTGCAGCTGAAGGAGTCAGGACCTGGCCTGGTGGCGCCCTCACAGAGCCTGTCCATCACATGCACTGTCTCTGAGTTCTCATTAATCAGTTATGTTATAAGCTGGGTTCGCCAGCCACCAGGAAAGGGTCTGGAGTGGCTTGGAATAATATGGACTGGTGGAGGCACAAATTATAATTCAGCTCTCAAATCCAGACTGAGCATCAGCAAAGACAACTCCAAGAGTCAAGTTTTCTTAAAAATGAACAGTCTGCAAACTGATGACACAGCCAGGTACTACTGTGCCAGATATGATTACGACGGGAACGGGCCCCGTTTTGCTTACTGGGGCCAAGGGACTCTGGTCACTGTCTCTGCAGCCTCTATCAGGAACCCTCAGCTCTACCCCTTGAAGCCCTGTAAAGGCACTGCTTCCATGACCCTGGGCTGCCTGGTAAAGGACTACTTCCCTGGTCCTGTGACTGTGACCTGGTATTCAGACTCCCTGAACATGAGCACTGTGAACTTCCCTGC	ATGGCTGTCCTGGCGCTACTCCTCTGCCTGGTGACTTTCCCAAGCTGTGCCCTGTCCCAGGTGCAGCTGAAGGAGTCAGGACCTGGCCTGGTGGCGCCCTCACAGAGCCTGTCCATCACATGCACTGTCTCTGGGTTCTCATTAACCAGCTATGCTATAAGCTGGGTTCGCCAGCCACCAGGAAAGGGTCTGGAGTGGCTTGGAGTAATATGGACTGGTGGAGGCACAAATTATAATTCAGCTCTCAAATCCAGACTGAGCATCAGCAAAGACAACTCCAAGAGTCAAGTTTTCTTAAAAATGAACAGTCTGCAAACTGATGACACAGCCAGGTACTACTGTGCCAGAAATCTACTATGATTACGACCCTGGTTTGCTTACTGGGGCCAAGGGACTCTGGTCACTGTCTCTGCAGCCAAAACGACACCCCCATCTGTCTATCCACTGGCCCCTGGATCTGCTGCCCAAACTAACTCCATGGTGACCCTGGGATGCCTGGTCAAGGGCTATTTCCCTGAGCCAGTGACAGTGACCTGGAACTCTGGATCCCTGTCCAGCGGTGTGCACACCTTCCCAGCTGTCCTGCAGTCTGACCTCTACACTCTGAGCAGCTCAGTGACTGTCCCCTCCAGCACCTGGCCCAGCCAGACCGTCACCTGCAACGTTGCCCACCCGGCCAGCAGCACCAAGGTGGACAAGAAAATTGTGCCCAGGGATTGTGGTTGTAAGCCTTGCATATGTACAGTCCCAGAAGTATCATCTGTCTTCATCTTCCCCCCAAAGCCCAAGGATGTGCTCACCATTACTCTGACTCCTAAGGTCACGTGTGTTGTGGTAGACATCAGCAAGGATGATCCCGAGGTCCAGTTCAGCTGGTTTGTAGATGATGTGGAGGTGCACACAGCTCAGACGAAACCCCGGGAGGAGCAGATCAACAGCACTTTCCGTTCAGTCAGTGAACTTCCCATCATGCACCAGGACTGGCTCAATGGCAAGGAGTTCAAATGCAGGGTCAACAGTGCAGCTTTCCCTGCCCCCATCGAGAAAACCATCTCCAAAACCAAAGGCAGACCGAAGGCTCCACAGGTGTACACCATTCCACCTCCCAAGGAGCAGATGGCCAAGGATAAAGTCAGTCTGACCTGCATGATAACAAACTTCTTCCCTGAAGACATTACTGTGGAGTGGCAGTGGAATGGGCAGCCAGCGGAGAACTACAAGAACACTCAGCCCATCATGGACACAGATGGCTCTTACTTCGTCTACAGCAAGCTCAATGTGCAGAAGAGCAACTGGGAGGCAGGAAATACTTTCACCTGCTCTGTGTTACATGAGGGCCTGCACAACCACCATACTGAGAAGAGCCTCTCCCACTCTCCTGGTAAA	TGTGCCAGATATGATTACGACGGGAACGGGCCCCGTTTTGCTTACTGG	CARYDYDGNGPRFAYW	48	16	34	383			404	451	452	605	2976	54	T
CCAAAGCTCATTCAAA-1	clonotype10	CCAAAGCTCATTCAAA-1_contig_1	GATATGAACACTGTTTTCTCTACAGTCACTGAATCTCAATGTCCTTACAATGAAATGCAGCTGGGTCATCTTCTTCCTGATGGCAGTGGTTATAGGGGTCAATTCAGAGGTTCAGCTGCAGCAGTCTGGGGCTGAGCTTGTGAGGCCAGGGGCCTCAGTCAAGTTGTCCTGCACAGCTTCTGGCTTTAACATTAAAGACGACTATATGCACTGGGTGAAACAGAGGCCTGATCAGGGCCTGGAGTGGATTGGATGGATTGATCCTGAGAATGGTGATACTGAATATGCCTCGAAGTTCCAGGGCAAGGCCACTATAACAGCAGACACATCCTCCAACACAGCCTACCTGCAGCTCAGCAGCCTGACATCTGAGGACACTGCCGTCTATTACTGTACTACCCTTTCCTATGGTAACTACGTGGGGTATGCTATGGACTACTGGGGTCAAGGAACCTCAGTCACCGTCTCCTCAGCCTCTATCAGGAACCCTCAGCTCTACCCCTTGAAGCCCTGTAAAGGCACTGCTTCCATGACCCTGGGCTGCCTGGTAAAGGACTACTTCCCTGGTCCTGTGACTGTGACCTGGTATTCAGACTCCCTGAACATGAGCACTGTGAACTTCCCTGC	MKCSWVIFFLMAVVIGVNSEVQLQQSGAELVRPGASVKLSCTASGFNIKDDYMHWVKQRPDQGLEWIGWIDPENGDTEYASKFQGKATITADTSSNTAYLQLSSLTSEDTAVYYCTTLSYGNYVGYAMDYWGQGTSVTVSSASIRNPQLYPLKPCKGTASMTLGCLVKDYFPGPVTVTWYSDSLNMSTVNFP	T	F	IGHV14-4	49S351M227S	IGHD2-8	401S17M209S	IGHJ4	419S54M154S	IGHE	473S154M	GATATGAACACTGTTTTCTCTACAGTCACTGAATCTCAATGTCCTTACAATGAAATGCAGCTGGGTCATCTTCTTCCTGATGGCAGTGGTTATAGGGGTCAATTCAGAGGTTCAGCTGCAGCAGTCTGGGGCTGAGCTTGTGAGGCCAGGGGCCTCAGTCAAGTTGTCCTGCACAGCTTCTGGCTTTAACATTAAAGACGACTATATGCACTGGGTGAAACAGAGGCCTGATCAGGGCCTGGAGTGGATTGGATGGATTGATCCTGAGAATGGTGATACTGAATATGCCTCGAAGTTCCAGGGCAAGGCCACTATAACAGCAGACACATCCTCCAACACAGCCTACCTGCAGCTCAGCAGCCTGACATCTGAGGACACTGCCGTCTATTACTGTACTACCCTTTCCTATGGTAACTACGTGGGGTATGCTATGGACTACTGGGGTCAAGGAACCTCAGTCACCGTCTCCTCAGCCTCTATCAGGAACCCTCAGCTCTACCCCTTGAAGCCCTGTAAAGGCACTGCTTCCATGACCCTGGGCTGCCTGGTAAAGGACTACTTCCCTGGTCCTGTGACTGTGACCTGGTATTCAGACTCCCTGAACATGAGCACTGTGAACTTCCCTGC	ATGAAATGCAGCTGGGTCATCTTCTTCCTGATGGCAGTGGTTATAGGGGTCAATTCAGAGGTTCAGCTGCAGCAGTCTGGGGCTGAGCTTGTGAGGCCAGGGGCCTCAGTCAAGTTGTCCTGCACAGCTTCTGGCTTTAACATTAAAGACGACTATATGCACTGGGTGAAGCAGAGGCCTGAACAGGGCCTGGAGTGGATTGGATGGATTGATCCTGAGAATGGTGATACTGAATATGCCTCGAAGTTCCAGGGCAAGGCCACTATAACAGCAGACACATCCTCCAACACAGCCTACCTGCAGCTCAGCAGCCTGACATCTGAGGACACTGCCGTCTATTACTGTACTACATCTACTATGGTAACTACATTACTATGCTATGGACTACTGGGGTCAAGGAACCTCAGTCACCGTCTCCTCAGCCAAAACGACACCCCCATCTGTCTATCCACTGGCCCCTGGATCTGCTGCCCAAACTAACTCCATGGTGACCCTGGGATGCCTGGTCAAGGGCTATTTCCCTGAGCCAGTGACAGTGACCTGGAACTCTGGATCCCTGTCCAGCGGTGTGCACACCTTCCCAGCTGTCCTGCAGTCTGACCTCTACACTCTGAGCAGCTCAGTGACTGTCCCCTCCAGCACCTGGCCCAGCCAGACCGTCACCTGCAACGTTGCCCACCCGGCCAGCAGCACCAAGGTGGACAAGAAAATTGTGCCCAGGGATTGTGGTTGTAAGCCTTGCATATGTACAGTCCCAGAAGTATCATCTGTCTTCATCTTCCCCCCAAAGCCCAAGGATGTGCTCACCATTACTCTGACTCCTAAGGTCACGTGTGTTGTGGTAGACATCAGCAAGGATGATCCCGAGGTCCAGTTCAGCTGGTTTGTAGATGATGTGGAGGTGCACACAGCTCAGACGAAACCCCGGGAGGAGCAGATCAACAGCACTTTCCGTTCAGTCAGTGAACTTCCCATCATGCACCAGGACTGGCTCAATGGCAAGGAGTTCAAATGCAGGGTCAACAGTGCAGCTTTCCCTGCCCCCATCGAGAAAACCATCTCCAAAACCAAAGGCAGACCGAAGGCTCCACAGGTGTACACCATTCCACCTCCCAAGGAGCAGATGGCCAAGGATAAAGTCAGTCTGACCTGCATGATAACAAACTTCTTCCCTGAAGACATTACTGTGGAGTGGCAGTGGAATGGGCAGCCAGCGGAGAACTACAAGAACACTCAGCCCATCATGGACACAGATGGCTCTTACTTCGTCTACAGCAAGCTCAATGTGCAGAAGAGCAACTGGGAGGCAGGAAATACTTTCACCTGCTCTGTGTTACATGAGGGCCTGCACAACCACCATACTGAGAAGAGCCTCTCCCACTCTCCTGGTAAA	TGTACTACCCTTTCCTATGGTAACTACGTGGGGTATGCTATGGACTACTGG	CTTLSYGNYVGYAMDYW	51	17	50	400	402	418	420	473	474	627	224	9	T
CCTGCGCGTATGTTGA-1	clonotype116	CCTGCGCGTATGTTGA-1_contig_1	CCTCTCCACAGTCCCTGAAGACACTGACTCTAACCATGGGATTCAGCAGGATCTTTCTCTTCCTCCTGTCAGTAACTACAGGTGTCCACTCCCAGGCTTATCTACAGCAGTCGGGGGCTGAGCTGGTGAGGCCTGGGGCCTCAGTGAAGATGTCCTGCAAGGCTTCTGGCTACACATTTACCAGTTACAATATGCACTGGGTAAAGCAGACACCTAGACAGGGCCTGGAATGGATTGGAGCTATTTATCCAGGAAATGGTGATACTTCCTACAATCAGAAGTTCAAGGGCAAGGCCACACTGACTGTAGACAAATCCTCCAGCACAGCCTACATGCAGCTCAGCAGCCTGACATCTGAAGACTCTGCGGTCTATTTCTGTGCAAGAACGGACTACTGGGGTCAAGGAACCTCAGTCATCGTCTCCTCAGCCTCTATCAGGAACCCTCAGCTCTACCCCTTGAAGCCCTGTAAAGGCACTGCTTCCATGACCCTGGGCTGCCTGGTAAAGGACTACTTCCCTGGTCCTGTGACTGTGACCTGGTATTCAGACTCCCTGAACATGAGCACTGTGAACTTCCCTGC	MGFSRIFLFLLSVTTGVHSQAYLQQSGAELVRPGASVKMSCKASGYTFTSYNMHWVKQTPRQGLEWIGAIYPGNGDTSYNQKFKGKATLTVDKSSSTAYMQLSSLTSEDSAVYFCARTDYWGQGTSVIVSSASIRNPQLYPLKPCKGTASMTLGCLVKDYFPGPVTVTWYSDSLNMSTVNFP	T	F	IGHV1-12	35S351M197S			IGHJ4	388S41M154S	IGHE	429S154M	CCTCTCCACAGTCCCTGAAGACACTGACTCTAACCATGGGATTCAGCAGGATCTTTCTCTTCCTCCTGTCAGTAACTACAGGTGTCCACTCCCAGGCTTATCTACAGCAGTCGGGGGCTGAGCTGGTGAGGCCTGGGGCCTCAGTGAAGATGTCCTGCAAGGCTTCTGGCTACACATTTACCAGTTACAATATGCACTGGGTAAAGCAGACACCTAGACAGGGCCTGGAATGGATTGGAGCTATTTATCCAGGAAATGGTGATACTTCCTACAATCAGAAGTTCAAGGGCAAGGCCACACTGACTGTAGACAAATCCTCCAGCACAGCCTACATGCAGCTCAGCAGCCTGACATCTGAAGACTCTGCGGTCTATTTCTGTGCAAGAACGGACTACTGGGGTCAAGGAACCTCAGTCATCGTCTCCTCAGCCTCTATCAGGAACCCTCAGCTCTACCCCTTGAAGCCCTGTAAAGGCACTGCTTCCATGACCCTGGGCTGCCTGGTAAAGGACTACTTCCCTGGTCCTGTGACTGTGACCTGGTATTCAGACTCCCTGAACATGAGCACTGTGAACTTCCCTGC	CCTCTCCACAGTCCCTGAAGACACTGACTCTAACCATGGGATTCAGCAGGATCTTTCTCTTCCTCCTGTCAGTAACTACAGGTGTCCACTCCCAGGCTTATCTACAGCAGTCTGGGGCTGAGCTGGTGAGGCCTGGGGCCTCAGTGAAGATGTCCTGCAAGGCTTCTGGCTACACATTTACCAGTTACAATATGCACTGGGTAAAGCAGACACCTAGACAGGGCCTGGAATGGATTGGAGCTATTTATCCAGGAAATGGTGATACTTCCTACAATCAGAAGTTCAAGGGCAAGGCCACACTGACTGTAGACAAATCCTCCAGCACAGCCTACATGCAGCTCAGCAGCCTGACATCTGAAGACTCTGCGGTCTATTTCTGTGCAAGAATTACTATGCTATGGACTACTGGGGTCAAGGAACCTCAGTCACCGTCTCCTCAGCCAAAACGACACCCCCATCTGTCTATCCACTGGCCCCTGGATCTGCTGCCCAAACTAACTCCATGGTGACCCTGGGATGCCTGGTCAAGGGCTATTTCCCTGAGCCAGTGACAGTGACCTGGAACTCTGGATCCCTGTCCAGCGGTGTGCACACCTTCCCAGCTGTCCTGCAGTCTGACCTCTACACTCTGAGCAGCTCAGTGACTGTCCCCTCCAGCACCTGGCCCAGCCAGACCGTCACCTGCAACGTTGCCCACCCGGCCAGCAGCACCAAGGTGGACAAGAAAATTGTGCCCAGGGATTGTGGTTGTAAGCCTTGCATATGTACAGTCCCAGAAGTATCATCTGTCTTCATCTTCCCCCCAAAGCCCAAGGATGTGCTCACCATTACTCTGACTCCTAAGGTCACGTGTGTTGTGGTAGACATCAGCAAGGATGATCCCGAGGTCCAGTTCAGCTGGTTTGTAGATGATGTGGAGGTGCACACAGCTCAGACGAAACCCCGGGAGGAGCAGATCAACAGCACTTTCCGTTCAGTCAGTGAACTTCCCATCATGCACCAGGACTGGCTCAATGGCAAGGAGTTCAAATGCAGGGTCAACAGTGCAGCTTTCCCTGCCCCCATCGAGAAAACCATCTCCAAAACCAAAGGCAGACCGAAGGCTCCACAGGTGTACACCATTCCACCTCCCAAGGAGCAGATGGCCAAGGATAAAGTCAGTCTGACCTGCATGATAACAAACTTCTTCCCTGAAGACATTACTGTGGAGTGGCAGTGGAATGGGCAGCCAGCGGAGAACTACAAGAACACTCAGCCCATCATGGACACAGATGGCTCTTACTTCGTCTACAGCAAGCTCAATGTGCAGAAGAGCAACTGGGAGGCAGGAAATACTTTCACCTGCTCTGTGTTACATGAGGGCCTGCACAACCACCATACTGAGAAGAGCCTCTCCCACTCTCCTGGTAAA	TGTGCAAGAACGGACTACTGG	CARTDYW	21	7	36	386			389	429	430	583	1273	29	T
CGTCTATTCAAACTTA-1	clonotype15	CGTCTATTCAAACTTA-1_contig_1	CTTCTCCACAGTCCCAGAACACACTCACTCTAACCATGGAATGGCCTTGTATCTTTCTCTTCCTCCTGTCAGTAACTGAAGGTGTCCACTCCCAGGTTCAGCTGCAGCAGTCTGGACCTGAGCTGGTGAAGCCTGGGGCCTCAGTGAAGATTTCCTGCAAGGCTTCTGGCTACGCATTCAGTAGCTCCTGGATGAACTGGGTGAAGCAGAGGCCTGGAAAGGGTCTTGAGTGGATTGGACGGATTTATCCTGGAGATGGAGATACTAACTATAATGGGAAGTTCAAGGGCAAGGCCACACTGACTGCAGACAAATCCTCCAGCACAGCCTACATGCAACTCAGCAGCCTGACATCTGAGGACTCTGCGGTCTACTTCTGTGCGAATTACTACGGTAGTAGCTATGCTATGGACGACTGGGGTCAAGGAACCTCAGTCACCGTCTCCTCAGCCTCTATCAGGAACCCTCAGCTCTACCCCTTGAAGCCCTGTAAAGGCACTGCTTCCATGACCCTGGGCTGCCTGGTAAAGGACTACTTCCCTGGTCCTGTGACTGTGACCTGGTATTCAGACTCCCTGAACATGAGCACTGTGAACTTCCCTGC	MEWPCIFLFLLSVTEGVHSQVQLQQSGPELVKPGASVKISCKASGYAFSSSWMNWVKQRPGKGLEWIGRIYPGDGDTNYNGKFKGKATLTADKSSSTAYMQLSSLTSEDSAVYFCANYYGSSYAMDDWGQGTSVTVSSASIRNPQLYPLKPCKGTASMTLGCLVKDYFPGPVTVTWYSDSLNMSTVNFP	T	F	IGHV1-82	35S351M218S	IGHD1-1	381S23M200S	IGHJ4	396S54M154S	IGHE	450S154M	CTTCTCCACAGTCCCAGAACACACTCACTCTAACCATGGAATGGCCTTGTATCTTTCTCTTCCTCCTGTCAGTAACTGAAGGTGTCCACTCCCAGGTTCAGCTGCAGCAGTCTGGACCTGAGCTGGTGAAGCCTGGGGCCTCAGTGAAGATTTCCTGCAAGGCTTCTGGCTACGCATTCAGTAGCTCCTGGATGAACTGGGTGAAGCAGAGGCCTGGAAAGGGTCTTGAGTGGATTGGACGGATTTATCCTGGAGATGGAGATACTAACTATAATGGGAAGTTCAAGGGCAAGGCCACACTGACTGCAGACAAATCCTCCAGCACAGCCTACATGCAACTCAGCAGCCTGACATCTGAGGACTCTGCGGTCTACTTCTGTGCGAATTACTACGGTAGTAGCTATGCTATGGACGACTGGGGTCAAGGAACCTCAGTCACCGTCTCCTCAGCCTCTATCAGGAACCCTCAGCTCTACCCCTTGAAGCCCTGTAAAGGCACTGCTTCCATGACCCTGGGCTGCCTGGTAAAGGACTACTTCCCTGGTCCTGTGACTGTGACCTGGTATTCAGACTCCCTGAACATGAGCACTGTGAACTTCCCTGC	CTTCTCCACAGTCCCAGAACACACTCACTCTAACCATGGAATGGCCTTGTATCTTTCTCTTCCTCCTGTCAGTAACTGAAGGTGTCCACTCCCAGGTTCAGCTGCAGCAGTCTGGACCTGAGCTGGTGAAGCCTGGGGCCTCAGTGAAGATTTCCTGCAAGGCTTCTGGCTACGCATTCAGTAGCTCCTGGATGAACTGGGTGAAGCAGAGGCCTGGAAAGGGTCTTGAGTGGATTGGACGGATTTATCCTGGAGATGGAGATACTAACTACAATGGGAAGTTCAAGGGCAAGGCCACACTGACTGCAGACAAATCCTCCAGCACAGCCTACATGCAACTCAGCAGCCTGACATCTGAGGACTCTGCGGTCTACTTCTGTGCAAGATTTATTACTACGGTAGTAGCTACATTACTATGCTATGGACTACTGGGGTCAAGGAACCTCAGTCACCGTCTCCTCAGCCAAAACGACACCCCCATCTGTCTATCCACTGGCCCCTGGATCTGCTGCCCAAACTAACTCCATGGTGACCCTGGGATGCCTGGTCAAGGGCTATTTCCCTGAGCCAGTGACAGTGACCTGGAACTCTGGATCCCTGTCCAGCGGTGTGCACACCTTCCCAGCTGTCCTGCAGTCTGACCTCTACACTCTGAGCAGCTCAGTGACTGTCCCCTCCAGCACCTGGCCCAGCCAGACCGTCACCTGCAACGTTGCCCACCCGGCCAGCAGCACCAAGGTGGACAAGAAAATTGTGCCCAGGGATTGTGGTTGTAAGCCTTGCATATGTACAGTCCCAGAAGTATCATCTGTCTTCATCTTCCCCCCAAAGCCCAAGGATGTGCTCACCATTACTCTGACTCCTAAGGTCACGTGTGTTGTGGTAGACATCAGCAAGGATGATCCCGAGGTCCAGTTCAGCTGGTTTGTAGATGATGTGGAGGTGCACACAGCTCAGACGAAACCCCGGGAGGAGCAGATCAACAGCACTTTCCGTTCAGTCAGTGAACTTCCCATCATGCACCAGGACTGGCTCAATGGCAAGGAGTTCAAATGCAGGGTCAACAGTGCAGCTTTCCCTGCCCCCATCGAGAAAACCATCTCCAAAACCAAAGGCAGACCGAAGGCTCCACAGGTGTACACCATTCCACCTCCCAAGGAGCAGATGGCCAAGGATAAAGTCAGTCTGACCTGCATGATAACAAACTTCTTCCCTGAAGACATTACTGTGGAGTGGCAGTGGAATGGGCAGCCAGCGGAGAACTACAAGAACACTCAGCCCATCATGGACACAGATGGCTCTTACTTCGTCTACAGCAAGCTCAATGTGCAGAAGAGCAACTGGGAGGCAGGAAATACTTTCACCTGCTCTGTGTTACATGAGGGCCTGCACAACCACCATACTGAGAAGAGCCTCTCCCACTCTCCTGGTAAA	TGTGCGAATTACTACGGTAGTAGCTATGCTATGGACGACTGG	CANYYGSSYAMDDW	42	14	36	386	382	404	397	450	451	604	168	8	T
CTACGTAAGGGCCTTG-1	clonotype1765	CTACGTAAGGGCCTTG-1_contig_3	GGGGAGGCAGAGAACTTTAGCCCTGTCTTCTTTTTTAGTGTTCAGCACTGACAATATGACATTGAACATGCTGTTGGGGCTGAAGTGGGTTTTCTTTGTTGTTTTTTATCAAGGTGTGCATTGTGAGGTGCAGCTTGTTGAGTCTGGTGGAGGATTGGTGCAGCCTAAAGGGTCATTGAAACTCTCATGTGCAGCCTCTGGATTCAGCTTCAAAACCTACGCCATGAACTGGGTCCGCCAGGCTCCAGGAAAGGGTTTGGAATGGGTTGCTCGCATAAGAAGTAAAAGTAATAATTATGCAACATATTATGCCGATTCAGTGAAAGACAGATTCACCATCTCCAGAGATGATTCAGAAAGCATGCTCTATCTGCAAATGAACAATTTGAAAACTGAGGACACAGCCATGTATTACTGTGTGAGACAGATCTATTATGATTACGACGGGAGTTTTGCTTATTGGGGCCAAGGGACTCTGGTCACTGTCTCTGCAGCCTCTATCAGGAACCCTCAGCTCTACCCCTTGAAGCCCTGTAAAGGCACTGCTTCCATGACCCTGGGCTGCCTGGTAAAGGACTACTTCCCTGGTCCTGTGACTGTGACCTGGTATTCAGACTCCCTGAACATGAGCACTGTGAACTTCCCTGC	MLLGLKWVFFVVFYQGVHCEVQLVESGGGLVQPKGSLKLSCAASGFSFKTYAMNWVRQAPGKGLEWVARIRSKSNNYATYYADSVKDRFTISRDDSESMLYLQMNNLKTEDTAMYYCVRQIYYDYDGSFAYWGQGTLVTVSAASIRNPQLYPLKPCKGTASMTLGCLVKDYFPGPVTVTWYSDSLNMSTVNFP	T	F	IGHV10-1	67S359M222S	IGHD2-4	428S17M203S	IGHJ3	446S48M154S	IGHE	494S154M	GGGGAGGCAGAGAACTTTAGCCCTGTCTTCTTTTTTAGTGTTCAGCACTGACAATATGACATTGAACATGCTGTTGGGGCTGAAGTGGGTTTTCTTTGTTGTTTTTTATCAAGGTGTGCATTGTGAGGTGCAGCTTGTTGAGTCTGGTGGAGGATTGGTGCAGCCTAAAGGGTCATTGAAACTCTCATGTGCAGCCTCTGGATTCAGCTTCAAAACCTACGCCATGAACTGGGTCCGCCAGGCTCCAGGAAAGGGTTTGGAATGGGTTGCTCGCATAAGAAGTAAAAGTAATAATTATGCAACATATTATGCCGATTCAGTGAAAGACAGATTCACCATCTCCAGAGATGATTCAGAAAGCATGCTCTATCTGCAAATGAACAATTTGAAAACTGAGGACACAGCCATGTATTACTGTGTGAGACAGATCTATTATGATTACGACGGGAGTTTTGCTTATTGGGGCCAAGGGACTCTGGTCACTGTCTCTGCAGCCTCTATCAGGAACCCTCAGCTCTACCCCTTGAAGCCCTGTAAAGGCACTGCTTCCATGACCCTGGGCTGCCTGGTAAAGGACTACTTCCCTGGTCCTGTGACTGTGACCTGGTATTCAGACTCCCTGAACATGAGCACTGTGAACTTCCCTGC	ATGCTGTTGGGGCTGAAGTGGGTTTTCTTTGTTGTTTTTTATCAAGGTGTGCATTGTGAGGTGCAGCTTGTTGAGTCTGGTGGAGGATTGGTGCAGCCTAAAGGGTCATTGAAACTCTCATGTGCAGCCTCTGGATTCAGCTTCAATACCTACGCCATGAACTGGGTCCGCCAGGCTCCAGGAAAGGGTTTGGAATGGGTTGCTCGCATAAGAAGTAAAAGTAATAATTATGCAACATATTATGCCGATTCAGTGAAAGACAGATTCACCATCTCCAGAGATGATTCAGAAAGCATGCTCTATCTGCAAATGAACAACTTGAAAACTGAGGACACAGCCATGTATTACTGTGTGAGACATCTACTATGATTACGACCCTGGTTTGCTTACTGGGGCCAAGGGACTCTGGTCACTGTCTCTGCAGCCTCTATCAGGAACCCTCAGCTCTACCCCTTGAAGCCCTGTAAAGGCACTGCTTCCATGACCCTGGGCTGCCTGGTAAAGGACTACTTCCCTGGTCCTGTGACTGTGACCTGGTATTCAGACTCCCTGAACATGAGCACTGTGAACTTCCCTGCCCTTGGTTCTGAACTCAAGGTCACCACCAGCCAAGTGACCAGCTGGGGCAAGTCAGCCAAGAACTTCACATGCCACGTGACACATCCTCCATCATTCAACGAAAGTAGGACTATCCTAGTTCGACCTGTCAACATCACTGAGCCCACCTTGGAGCTACTCCATTCATCCTGCGACCCCAATGCTTTCCACTCCACCATCCAGCTGTACTGCTTCATTTATGGCCACATCCTAAATGATGTCTCTGTCAGCTGGCTAATGGACGATCGGGAGATAACTGATACACTTGCACAAACTGTTCTAATCAAGGAGGAAGGCAAACTAGCCTCTACCTGCAGTAAACTCAACATCACTGAGCAGCAATGGATGTCTGAAAGCACCTTCACCTGCAAGGTCACCTCCCAAGGCGTAGACTATTTGGCCCACACTCGGAGATGCCCAGATCATGAGCCACGGGGTGTGATTACCTACCTGATCCCACCCAGCCCCCTGGACCTGTATCAAAACGGTGCTCCCAAGCTTACCTGTCTGGTGGTGGACCTGGAAAGCGAGAAGAATGTCAATGTGACGTGGAACCAAGAGAAGAAGACTCCAGTCTCAGCATCCCAGTGGTACACTAAGCACCACCATAACGCCACAACCAGTATCACCTCCATCCTGCCTGTAGTTGCCAAGGACTGGATTGAAGGCTACGGCTATCAGTGCATAGTGGACCACCCTGATTTTCCCAAGCCCATTGTGCGTTCCATCACCAAGACCCCAGGCCAGCGCTCAGCCCCCGAGGTATATGTGTTCCCACCACCAGAGGAGGAGAGCGAGGACAAACGCACACTCACCTGCTTGATCCAGAACTTCTTCCCTGAGGATATCTCTGTGCAGTGGCTGGAGGATGGCAAACTGATCTCAAACAGCCATCACAGTACCACAACACCCCTGAAATCCAATGGCTCCAATCAAGGCTTCTTCATCTTCAGTCGCCTAGAGGTCGCCAAGACACTCTGGACACAGAGAAAACAGTTCACCTGCCAAGTGATCCATGAGGCACTTCAGAAACCCAGGAAACTGGAGAAAACAATATCCACGAGCCTTGGTAACACCTCCCTCCATCCCTCC	TGTGTGAGACAGATCTATTATGATTACGACGGGAGTTTTGCTTATTGG	CVRQIYYDYDGSFAYW	48	16	68	426	429	445	447	494	495	648	466	10	T
GCATACCAGCATGTCA-1	clonotype29	GCATACCAGCATGTCA-1_contig_3	TGGGGATCCTCTTCTCATAGAGCCTCCATCAGAGCATGGCTGTCCTGGCGCTACTCCTCTGCCTGGTGACTTTCCCAAGCTGTGCCCTGTCCCAGGTGCAGCTGAAGGAGTCAGGACCTGGCCTGGTGGCGCCCTCACAGAGCCTGTCCATCACATGCACTGTCTCTGGGTTCTCATTAACCAACTATGCTATAAGCTGGGTTCGCCAGCCACCAGGAAAGGGTCTGGAGTGGCTTGGAATAATTTGGACTGGTGGAGGCACAAATTATAATTCAGCTCTCAAATCCAGACTGAGCATCAGCAAAGACAACTCCAAGAGTCAAGTTTTCTTAAAAATGAACAGTCTGCAAACTGATGACACAGCCAGGTACTACTGTGCCAGAAAAGATTACTACGGTAGGGGGGCTATGGACTACTGGGGTCAAGGAACCTCAGTCACCGTCTCCTCAGCCTCTATCAGGAACCCTCAGCTCTACCCCTTGAAGCCCTGTAAAGGCACTGCTTCCATGACCCTGGGCTGCCTGGTAAAGGACTACTTCCCTGGTCCTGTGACTGTGACCTGGTATTCAGACTCCCTGAACATGAGCACTGTGAACTTCCCTGC	MAVLALLLCLVTFPSCALSQVQLKESGPGLVAPSQSLSITCTVSGFSLTNYAISWVRQPPGKGLEWLGIIWTGGGTNYNSALKSRLSISKDNSKSQVFLKMNSLQTDDTARYYCARKDYYGRGAMDYWGQGTSVTVSSASIRNPQLYPLKPCKGTASMTLGCLVKDYFPGPVTVTWYSDSLNMSTVNFP	T	F	IGHV2-9-1	35S350M219S			IGHJ4	404S46M154S	IGHE	450S154M	TGGGGATCCTCTTCTCATAGAGCCTCCATCAGAGCATGGCTGTCCTGGCGCTACTCCTCTGCCTGGTGACTTTCCCAAGCTGTGCCCTGTCCCAGGTGCAGCTGAAGGAGTCAGGACCTGGCCTGGTGGCGCCCTCACAGAGCCTGTCCATCACATGCACTGTCTCTGGGTTCTCATTAACCAACTATGCTATAAGCTGGGTTCGCCAGCCACCAGGAAAGGGTCTGGAGTGGCTTGGAATAATTTGGACTGGTGGAGGCACAAATTATAATTCAGCTCTCAAATCCAGACTGAGCATCAGCAAAGACAACTCCAAGAGTCAAGTTTTCTTAAAAATGAACAGTCTGCAAACTGATGACACAGCCAGGTACTACTGTGCCAGAAAAGATTACTACGGTAGGGGGGCTATGGACTACTGGGGTCAAGGAACCTCAGTCACCGTCTCCTCAGCCTCTATCAGGAACCCTCAGCTCTACCCCTTGAAGCCCTGTAAAGGCACTGCTTCCATGACCCTGGGCTGCCTGGTAAAGGACTACTTCCCTGGTCCTGTGACTGTGACCTGGTATTCAGACTCCCTGAACATGAGCACTGTGAACTTCCCTGC	ATGGCTGTCCTGGCGCTACTCCTCTGCCTGGTGACTTTCCCAAGCTGTGCCCTGTCCCAGGTGCAGCTGAAGGAGTCAGGACCTGGCCTGGTGGCGCCCTCACAGAGCCTGTCCATCACATGCACTGTCTCTGGGTTCTCATTAACCAGCTATGCTATAAGCTGGGTTCGCCAGCCACCAGGAAAGGGTCTGGAGTGGCTTGGAGTAATATGGACTGGTGGAGGCACAAATTATAATTCAGCTCTCAAATCCAGACTGAGCATCAGCAAAGACAACTCCAAGAGTCAAGTTTTCTTAAAAATGAACAGTCTGCAAACTGATGACACAGCCAGGTACTACTGTGCCAGAAAATTACTATGCTATGGACTACTGGGGTCAAGGAACCTCAGTCACCGTCTCCTCAGCCAAAACGACACCCCCATCTGTCTATCCACTGGCCCCTGGATCTGCTGCCCAAACTAACTCCATGGTGACCCTGGGATGCCTGGTCAAGGGCTATTTCCCTGAGCCAGTGACAGTGACCTGGAACTCTGGATCCCTGTCCAGCGGTGTGCACACCTTCCCAGCTGTCCTGCAGTCTGACCTCTACACTCTGAGCAGCTCAGTGACTGTCCCCTCCAGCACCTGGCCCAGCCAGACCGTCACCTGCAACGTTGCCCACCCGGCCAGCAGCACCAAGGTGGACAAGAAAATTGTGCCCAGGGATTGTGGTTGTAAGCCTTGCATATGTACAGTCCCAGAAGTATCATCTGTCTTCATCTTCCCCCCAAAGCCCAAGGATGTGCTCACCATTACTCTGACTCCTAAGGTCACGTGTGTTGTGGTAGACATCAGCAAGGATGATCCCGAGGTCCAGTTCAGCTGGTTTGTAGATGATGTGGAGGTGCACACAGCTCAGACGAAACCCCGGGAGGAGCAGATCAACAGCACTTTCCGTTCAGTCAGTGAACTTCCCATCATGCACCAGGACTGGCTCAATGGCAAGGAGTTCAAATGCAGGGTCAACAGTGCAGCTTTCCCTGCCCCCATCGAGAAAACCATCTCCAAAACCAAAGGCAGACCGAAGGCTCCACAGGTGTACACCATTCCACCTCCCAAGGAGCAGATGGCCAAGGATAAAGTCAGTCTGACCTGCATGATAACAAACTTCTTCCCTGAAGACATTACTGTGGAGTGGCAGTGGAATGGGCAGCCAGCGGAGAACTACAAGAACACTCAGCCCATCATGGACACAGATGGCTCTTACTTCGTCTACAGCAAGCTCAATGTGCAGAAGAGCAACTGGGAGGCAGGAAATACTTTCACCTGCTCTGTGTTACATGAGGGCCTGCACAACCACCATACTGAGAAGAGCCTCTCCCACTCTCCTGGTAAA	TGTGCCAGAAAAGATTACTACGGTAGGGGGGCTATGGACTACTGG	CARKDYYGRGAMDYW	45	15	36	385			405	450	451	604	603	10	T
GCTAACATCCTGGCTC-1	clonotype17	GCTAACATCCTGGCTC-1_contig_1	TGGGGAAAACAGCATATGACCCCTGTCTTCTCCACAGTCCCTGAACACACTGACTCTAACCATGGAATGGCCTTTGATCTTTCTCTTCCTCCTGTCAGGAACTGCAGGTGTCCAATCCCAGGTTCACCTGCAGCAGTCTGGGGCTGAGCTGGTGAAGCCTGGGGCCTCAGTGAAGATTTCCTGCAAAGCTTCTGGCTACGCATTCAGTAACTACTGGATGAACTGGGTGAAGCAGAGGCCTGGAAAGGGTCTTGAGTGGATTGGACAGATTTATCCTGGAGATGGTGATACTAACTACAATGGAAAGTTCAAGGGCAAGGCCACACTGACTGCAGACAAATCCTCCAGCACAGCCTACATGCAGCTCAGCAGCCTGACCTCTGAGGACTCTGCGGTCTATTTCTGTGCAAGGTACTTCGATGTCTGGGGCACAGGGACCACGGTCACCGTCTCCTCAGCCTCTATCAGGAACCCTCAGCTCTACCCCTTGAAGCCCTGTAAAGGCACTGCTTCCATGACCCTGGGCTGCCTGGTAAAGGACTACTTCCCTGGTCCTGTGACTGTGACCTGGTATTCAGACTCCCTGAACATGAGCACTGTGAACTTCCCTGC	MEWPLIFLFLLSGTAGVQSQVHLQQSGAELVKPGASVKISCKASGYAFSNYWMNWVKQRPGKGLEWIGQIYPGDGDTNYNGKFKGKATLTADKSSSTAYMQLSSLTSEDSAVYFCARYFDVWGTGTTVTVSSASIRNPQLYPLKPCKGTASMTLGCLVKDYFPGPVTVTWYSDSLNMSTVNFP	T	F	IGHV1-80	61S351M200S			IGHJ1	405S53M154S	IGHE	458S154M	TGGGGAAAACAGCATATGACCCCTGTCTTCTCCACAGTCCCTGAACACACTGACTCTAACCATGGAATGGCCTTTGATCTTTCTCTTCCTCCTGTCAGGAACTGCAGGTGTCCAATCCCAGGTTCACCTGCAGCAGTCTGGGGCTGAGCTGGTGAAGCCTGGGGCCTCAGTGAAGATTTCCTGCAAAGCTTCTGGCTACGCATTCAGTAACTACTGGATGAACTGGGTGAAGCAGAGGCCTGGAAAGGGTCTTGAGTGGATTGGACAGATTTATCCTGGAGATGGTGATACTAACTACAATGGAAAGTTCAAGGGCAAGGCCACACTGACTGCAGACAAATCCTCCAGCACAGCCTACATGCAGCTCAGCAGCCTGACCTCTGAGGACTCTGCGGTCTATTTCTGTGCAAGGTACTTCGATGTCTGGGGCACAGGGACCACGGTCACCGTCTCCTCAGCCTCTATCAGGAACCCTCAGCTCTACCCCTTGAAGCCCTGTAAAGGCACTGCTTCCATGACCCTGGGCTGCCTGGTAAAGGACTACTTCCCTGGTCCTGTGACTGTGACCTGGTATTCAGACTCCCTGAACATGAGCACTGTGAACTTCCCTGC	ATGGAATGGCCTTTGATCTTTCTCTTCCTCCTGTCAGGAACTGCAGGTGTCCAATCCCAGGTTCAGCTGCAGCAGTCTGGGGCTGAGCTGGTGAAGCCTGGGGCCTCAGTGAAGATTTCCTGCAAAGCTTCTGGCTACGCATTCAGTAGCTACTGGATGAACTGGGTGAAGCAGAGGCCTGGAAAGGGTCTTGAGTGGATTGGACAGATTTATCCTGGAGATGGTGATACTAACTACAACGGAAAGTTCAAGGGCAAGGCCACACTGACTGCAGACAAATCCTCCAGCACAGCCTACATGCAGCTCAGCAGCCTGACCTCTGAGGACTCTGCGGTCTATTTCTGTGCAAGACTACTGGTACTTCGATGTCTGGGGCACAGGGACCACGGTCACCGTCTCCTCAGCCAAAACGACACCCCCATCTGTCTATCCACTGGCCCCTGGATCTGCTGCCCAAACTAACTCCATGGTGACCCTGGGATGCCTGGTCAAGGGCTATTTCCCTGAGCCAGTGACAGTGACCTGGAACTCTGGATCCCTGTCCAGCGGTGTGCACACCTTCCCAGCTGTCCTGCAGTCTGACCTCTACACTCTGAGCAGCTCAGTGACTGTCCCCTCCAGCACCTGGCCCAGCCAGACCGTCACCTGCAACGTTGCCCACCCGGCCAGCAGCACCAAGGTGGACAAGAAAATTGTGCCCAGGGATTGTGGTTGTAAGCCTTGCATATGTACAGTCCCAGAAGTATCATCTGTCTTCATCTTCCCCCCAAAGCCCAAGGATGTGCTCACCATTACTCTGACTCCTAAGGTCACGTGTGTTGTGGTAGACATCAGCAAGGATGATCCCGAGGTCCAGTTCAGCTGGTTTGTAGATGATGTGGAGGTGCACACAGCTCAGACGAAACCCCGGGAGGAGCAGATCAACAGCACTTTCCGTTCAGTCAGTGAACTTCCCATCATGCACCAGGACTGGCTCAATGGCAAGGAGTTCAAATGCAGGGTCAACAGTGCAGCTTTCCCTGCCCCCATCGAGAAAACCATCTCCAAAACCAAAGGCAGACCGAAGGCTCCACAGGTGTACACCATTCCACCTCCCAAGGAGCAGATGGCCAAGGATAAAGTCAGTCTGACCTGCATGATAACAAACTTCTTCCCTGAAGACATTACTGTGGAGTGGCAGTGGAATGGGCAGCCAGCGGAGAACTACAAGAACACTCAGCCCATCATGGACACAGATGGCTCTTACTTCGTCTACAGCAAGCTCAATGTGCAGAAGAGCAACTGGGAGGCAGGAAATACTTTCACCTGCTCTGTGTTACATGAGGGCCTGCACAACCACCATACTGAGAAGAGCCTCTCCCACTCTCCTGGTAAA	TGTGCAAGGTACTTCGATGTCTGG	CARYFDVW	24	8	62	412			406	458	459	612	133	2	T
GGATTGCTCCACCTCA-1	clonotype10	GGATTGCTCCACCTCA-1_contig_2	TGGGATGAACACTGTTTTCTCTACAGTCACTGAATCTCAATGTCCTTACAATGAAATGCAGCTGGGTCATCTTCTTCCTGATGGCAGTGGTTATAGGGGTCAATTCAGAGGTTCAGCTGCAGCAGTCTGGGGCTGAGCTTGTGAGGCCAGGGGCCTCAGTCAAGTTGTCCTGCACAGCTTCTGGCTTTAACATTAAAGACGACTATATGCACTGGGTGAAGCAGAGGCCTGAACAGGGCCTGGAGTGGATTGGATGGATTGATCCTGAGAATGGTGATACTGAATATGCCTCGAAGTTCCAGGGCAAGGCCACTATAACAGCAGACACATCCTCCAACACAGCCTACCTGCAGCTCAGCAGCCTGACATCTGAGGACACTGCCGTCTATTACTGTACTACCCTTTCCTATGGTAACTACGTGGGGTATGCTATGGACTACTGGGGTCAAGGAACCTCAGTCACCGTCTCCTCAGCCTCTATCAGGAACCCTCAGCTCTACCCCTTGAAGCCCTGTAAAGGCACTGCTTCCATGACCCTGGGCTGCCTGGTAAAGGACTACTTCCCTGGTCCTGTGACTGTGACCTGGTATTCAGACTCCCTGAACATGAGCACTGTGAACTTCCCTGC	MKCSWVIFFLMAVVIGVNSEVQLQQSGAELVRPGASVKLSCTASGFNIKDDYMHWVKQRPEQGLEWIGWIDPENGDTEYASKFQGKATITADTSSNTAYLQLSSLTSEDTAVYYCTTLSYGNYVGYAMDYWGQGTSVTVSSASIRNPQLYPLKPCKGTASMTLGCLVKDYFPGPVTVTWYSDSLNMSTVNFP	T	F	IGHV14-4	50S351M227S	IGHD2-8	402S17M209S	IGHJ4	420S54M154S	IGHE	474S154M	TGGGATGAACACTGTTTTCTCTACAGTCACTGAATCTCAATGTCCTTACAATGAAATGCAGCTGGGTCATCTTCTTCCTGATGGCAGTGGTTATAGGGGTCAATTCAGAGGTTCAGCTGCAGCAGTCTGGGGCTGAGCTTGTGAGGCCAGGGGCCTCAGTCAAGTTGTCCTGCACAGCTTCTGGCTTTAACATTAAAGACGACTATATGCACTGGGTGAAGCAGAGGCCTGAACAGGGCCTGGAGTGGATTGGATGGATTGATCCTGAGAATGGTGATACTGAATATGCCTCGAAGTTCCAGGGCAAGGCCACTATAACAGCAGACACATCCTCCAACACAGCCTACCTGCAGCTCAGCAGCCTGACATCTGAGGACACTGCCGTCTATTACTGTACTACCCTTTCCTATGGTAACTACGTGGGGTATGCTATGGACTACTGGGGTCAAGGAACCTCAGTCACCGTCTCCTCAGCCTCTATCAGGAACCCTCAGCTCTACCCCTTGAAGCCCTGTAAAGGCACTGCTTCCATGACCCTGGGCTGCCTGGTAAAGGACTACTTCCCTGGTCCTGTGACTGTGACCTGGTATTCAGACTCCCTGAACATGAGCACTGTGAACTTCCCTGC	ATGAAATGCAGCTGGGTCATCTTCTTCCTGATGGCAGTGGTTATAGGGGTCAATTCAGAGGTTCAGCTGCAGCAGTCTGGGGCTGAGCTTGTGAGGCCAGGGGCCTCAGTCAAGTTGTCCTGCACAGCTTCTGGCTTTAACATTAAAGACGACTATATGCACTGGGTGAAGCAGAGGCCTGAACAGGGCCTGGAGTGGATTGGATGGATTGATCCTGAGAATGGTGATACTGAATATGCCTCGAAGTTCCAGGGCAAGGCCACTATAACAGCAGACACATCCTCCAACACAGCCTACCTGCAGCTCAGCAGCCTGACATCTGAGGACACTGCCGTCTATTACTGTACTACATCTACTATGGTAACTACATTACTATGCTATGGACTACTGGGGTCAAGGAACCTCAGTCACCGTCTCCTCAGCCAAAACGACACCCCCATCTGTCTATCCACTGGCCCCTGGATCTGCTGCCCAAACTAACTCCATGGTGACCCTGGGATGCCTGGTCAAGGGCTATTTCCCTGAGCCAGTGACAGTGACCTGGAACTCTGGATCCCTGTCCAGCGGTGTGCACACCTTCCCAGCTGTCCTGCAGTCTGACCTCTACACTCTGAGCAGCTCAGTGACTGTCCCCTCCAGCACCTGGCCCAGCCAGACCGTCACCTGCAACGTTGCCCACCCGGCCAGCAGCACCAAGGTGGACAAGAAAATTGTGCCCAGGGATTGTGGTTGTAAGCCTTGCATATGTACAGTCCCAGAAGTATCATCTGTCTTCATCTTCCCCCCAAAGCCCAAGGATGTGCTCACCATTACTCTGACTCCTAAGGTCACGTGTGTTGTGGTAGACATCAGCAAGGATGATCCCGAGGTCCAGTTCAGCTGGTTTGTAGATGATGTGGAGGTGCACACAGCTCAGACGAAACCCCGGGAGGAGCAGATCAACAGCACTTTCCGTTCAGTCAGTGAACTTCCCATCATGCACCAGGACTGGCTCAATGGCAAGGAGTTCAAATGCAGGGTCAACAGTGCAGCTTTCCCTGCCCCCATCGAGAAAACCATCTCCAAAACCAAAGGCAGACCGAAGGCTCCACAGGTGTACACCATTCCACCTCCCAAGGAGCAGATGGCCAAGGATAAAGTCAGTCTGACCTGCATGATAACAAACTTCTTCCCTGAAGACATTACTGTGGAGTGGCAGTGGAATGGGCAGCCAGCGGAGAACTACAAGAACACTCAGCCCATCATGGACACAGATGGCTCTTACTTCGTCTACAGCAAGCTCAATGTGCAGAAGAGCAACTGGGAGGCAGGAAATACTTTCACCTGCTCTGTGTTACATGAGGGCCTGCACAACCACCATACTGAGAAGAGCCTCTCCCACTCTCCTGGTAAA	TGTACTACCCTTTCCTATGGTAACTACGTGGGGTATGCTATGGACTACTGG	CTTLSYGNYVGYAMDYW	51	17	51	401	403	419	421	474	475	628	52	1	T
