BARCODE,CONTIG.H,SEQUENCE_INPUT.H,FUNCTIONAL.H,IN_FRAME.H,INDELS.H,LOCUS.H,V_CALL.H,D_CALL.H,J_CALL.H,SEQUENCE_VDJ.H,SEQUENCE_IMGT.H,JUNCTION.H,JUNCTION_LENGTH.H,GERMLINE_IMGT.H,V_SCORE.H,V_IDENTITY.H,J_SCORE.H,J_IDENTITY.H,FWR1_IMGT.H,FWR2_IMGT.H,FWR3_IMGT.H,FWR4_IMGT.H,CDR1_IMGT.H,CDR2_IMGT.H,CDR3_IMGT.H,C_CALL.H,CONSCOUNT.H,UMICOUNT.H,JUNCTION_10X_AA.H,CLONE,CLONE.H,CONTIG.L,SEQUENCE_INPUT.L,CLONE.L,FUNCTIONAL.L,IN_FRAME.L,INDELS.L,LOCUS.L,V_CALL.L,J_CALL.L,SEQUENCE_VDJ.L,SEQUENCE_IMGT.L,JUNCTION.L,JUNCTION_LENGTH.L,GERMLINE_IMGT.L,V_SCORE.L,V_IDENTITY.L,J_SCORE.L,J_IDENTITY.L,FWR1_IMGT.L,FWR2_IMGT.L,FWR3_IMGT.L,FWR4_IMGT.L,CDR1_IMGT.L,CDR2_IMGT.L,CDR3_IMGT.L,C_CALL.L,CONSCOUNT.L,JUNCTION_10X_AA.L,UMICOUNT.L,D_CALL.L,N
AGGGAGTGTGAGTATA,contig_1,TGGGGAAGGGAGTGACCAGTTAGTCTTAAGGCACCACTGAGCCCAAGTCTTAGACATCATGGCTTGGGTGTGGACCTTGCTATTCCTGATGGCAGCTGCCCAAAGTATCCAAGCACAGATCCAGTTGGTGCAGTCTGGACCTGAGCTGAAGAAGCCTGGAGAGACAGTCAAGATCTCCTGCAAGGCTTCTGGTTATACCTTCACAGACTATTCAATGCACTGGGTGAAACAGGCTCCAGGAAAGGGTTTAAAGTGGATGGGCTGGATAAACACTGAGACTGGTGAGCCAACATATGCAGATGACTTCAAGGGACGGTTTGCCTTCTCTTTGGAAACCTCTGCCAGCACTGCCTATTTGCAGATCAACAACCTCAAAAATGAGGACACGGCTACATATTTCTGTGCTAGAGAGGGTAACTACGTGGGGGACTATGCTATGGACTACTGGGGTCAAGGAACCTCAGTCACCGTCTCCTCAGCCTCTATCAGGAACCCTCAGCTCTACCCCTTGAAGCCCTGTAAAGGCACTGCTTCCATGACCCTGGGCTGCCTGGTAAAGGACTACTTCCCTGGTCCTGTGACTGTGACCTGGTATTCAGACTCCCTGAACATGAGCACTGTGAACTTCCCTGC,T,T,F,IGH,Musmus IGHV9-2-1,Musmus IGHD2-3,Musmus IGHJ4,CAGATCCAGTTGGTGCAGTCTGGACCTGAGCTGAAGAAGCCTGGAGAGACAGTCAAGATCTCCTGCAAGGCTTCTGGTTATACCTTCACAGACTATTCAATGCACTGGGTGAAACAGGCTCCAGGAAAGGGTTTAAAGTGGATGGGCTGGATAAACACTGAGACTGGTGAGCCAACATATGCAGATGACTTCAAGGGACGGTTTGCCTTCTCTTTGGAAACCTCTGCCAGCACTGCCTATTTGCAGATCAACAACCTCAAAAATGAGGACACGGCTACATATTTCTGTGCTAGAGAGGGTAACTACGTGGGGGACTATGCTATGGACTACTGGGGTCAAGGAACCTCAGTCACCGTCTCCTCAG,CAGATCCAGTTGGTGCAGTCTGGACCT...GAGCTGAAGAAGCCTGGAGAGACAGTCAAGATCTCCTGCAAGGCTTCTGGTTATACCTTC............ACAGACTATTCAATGCACTGGGTGAAACAGGCTCCAGGAAAGGGTTTAAAGTGGATGGGCTGGATAAACACTGAG......ACTGGTGAGCCAACATATGCAGATGACTTCAAG...GGACGGTTTGCCTTCTCTTTGGAAACCTCTGCCAGCACTGCCTATTTGCAGATCAACAACCTCAAAAATGAGGACACGGCTACATATTTCTGTGCTAGAGAGGGTAACTACGTGGGGGACTATGCTATGGACTACTGGGGTCAAGGAACCTCAGTCACCGTCTCCTCAG,TGTGCTAGAGAGGGTAACTACGTGGGGGACTATGCTATGGACTACTGG,48,NA,1431,0.9965,243,0.9444,CAGATCCAGTTGGTGCAGTCTGGACCT...GAGCTGAAGAAGCCTGGAGAGACAGTCAAGATCTCCTGCAAGGCTTCT,ATGCACTGGGTGAAACAGGCTCCAGGAAAGGGTTTAAAGTGGATGGGCTGG,ACATATGCAGATGACTTCAAG...GGACGGTTTGCCTTCTCTTTGGAAACCTCTGCCAGCACTGCCTATTTGCAGATCAACAACCTCAAAAATGAGGACACGGCTACATATTTCTGT,TGGGGTCAAGGAACCTCAGTCACCGTCTCCTCAG,GGTTATACCTTC............ACAGACTATTCA,ATAAACACTGAG......ACTGGTGAGCCA,GCTAGAGAGGGTAACTACGTGGGGGACTATGCTATGGACTAC,IGHE,3354,46,CAREGNYVGDYAMDYW,332,332,contig_2,GGGGGTAATTGAAGTCAAGACTCAGCCTGGACATGATGTCCTCTGCTCAGTTCCTTGGTCTCCTGTTGCTCTGTTTTCAAGGTACCAGATGTGATATCCAGATGACACAGACTACATCCTCCCTGTCTGCCTCTCTGGGAGACAGAGTCACCATCAGTTGCAGGGCAAGTCAGGACATTAGCAATTATTTAAACTGGTATCAGCAGAAACCAGATGGAACTGTTAAACTCCTGATCTACTTCACATCAAGATTACACTCAGGAGTCCCATCAAGGTTCAGTGGCAGTGGGTCTGGAACAGATTATTCTCTCACCATTAGCAACCTGGAGCAAGAAGATATTGCCACTTACTTTTGCCAACAGGGTAATACGCTTCCTCCGACGTTCGGTGGAGGCACCAAGCTGGAAATCAAACGGGCTGATGCTGCACCAACTGTATCCATCTTCCCACCATCCAGTGAGCAGTTAACATCTGGAGGTGCCTCAGTCGTGTGCTTC,119,T,T,F,IGK,Musmus IGKV10-96,Musmus IGKJ1,GATATCCAGATGACACAGACTACATCCTCCCTGTCTGCCTCTCTGGGAGACAGAGTCACCATCAGTTGCAGGGCAAGTCAGGACATTAGCAATTATTTAAACTGGTATCAGCAGAAACCAGATGGAACTGTTAAACTCCTGATCTACTTCACATCAAGATTACACTCAGGAGTCCCATCAAGGTTCAGTGGCAGTGGGTCTGGAACAGATTATTCTCTCACCATTAGCAACCTGGAGCAAGAAGATATTGCCACTTACTTTTGCCAACAGGGTAATACGCTTCCTCCGACGTTCGGTGGAGGCACCAAGCTGGAAATCAAAC,GATATCCAGATGACACAGACTACATCCTCCCTGTCTGCCTCTCTGGGAGACAGAGTCACCATCAGTTGCAGGGCAAGTCAGGACATT..................AGCAATTATTTAAACTGGTATCAGCAGAAACCAGATGGAACTGTTAAACTCCTGATCTACTTCACA.....................TCAAGATTACACTCAGGAGTCCCA...TCAAGGTTCAGTGGCAGTGGG......TCTGGAACAGATTATTCTCTCACCATTAGCAACCTGGAGCAAGAAGATATTGCCACTTACTTTTGCCAACAGGGTAATACGCTTCCTCCGACGTTCGGTGGAGGCACCAAGCTGGAAATCAAAC,TGCCAACAGGGTAATACGCTTCCTCCGACGTTC,33,NA,1386,0.9964,171,0.9722,GATATCCAGATGACACAGACTACATCCTCCCTGTCTGCCTCTCTGGGAGACAGAGTCACCATCAGTTGCAGGGCAAGT,TTAAACTGGTATCAGCAGAAACCAGATGGAACTGTTAAACTCCTGATCTAC,AGATTACACTCAGGAGTCCCA...TCAAGGTTCAGTGGCAGTGGG......TCTGGAACAGATTATTCTCTCACCATTAGCAACCTGGAGCAAGAAGATATTGCCACTTACTTTTGC,TTCGGTGGAGGCACCAAGCTGGAAATCAAAC,CAGGACATT..................AGCAATTAT,TTCACA.....................TCA,CAACAGGGTAATACGCTTCCTCCGACG,IGKC,2846,CQQGNTLPPTF,66,NA,1
AGTTGGTTCACCATAG,contig_1,TGGGGAACATATGTCCAATGTCTTCTCCACAGACACTGAACACACTGACTCTAACCATGGGATGGAGCTGGATCTTTCTCTTTCTCCTGTCAGGAACTGCAGGTGTCCTCTCTGAGGTCCAGCTGCAACAGTCTGGACCTGAGCTGGTGAAGCCTGGGGCTTCAGTGAAGATATCCTGCAAGGCTTCTGGTTACTCATTCACTGGCTACTACATGCACTGGGTGAAGCAAAGCCATGTAAAGAGCCTTGAGTGGATTGGACGTATTAATCCTTACAATGGTGCTACTACCTACAACCAGAATTTCAAGGACAAGGCCAGCTTGACTGTAGATAAGTCCTCCAGCACAGCCTACATGGAGCTCCACAGCCTGACATCTGAGGACTCTGCAGTCTATTACTGTGCAAGATGGTATGGTAACTCCTACTATGCTATGGACTACTGGGGTCAAGGAACCTCAGTCACCGTCTCCTCAGCCTCTATCAGGAACCCTCAGCTCTACCCCTTGAAGCCCTGTAAAGGCACTGCTTCCATGACCCTGGGCTGCCTGGTAAAGGACTACTTCCCTGGTCCTGTGACTGTGACCTGGTATTCAGACTCCCTGAACATGAGCACTGTGAACTTCCCTGC,T,T,F,IGH,Musmus IGHV1-18,Musmus IGHD2-10,Musmus IGHJ4,GAGGTCCAGCTGCAACAGTCTGGACCTGAGCTGGTGAAGCCTGGGGCTTCAGTGAAGATATCCTGCAAGGCTTCTGGTTACTCATTCACTGGCTACTACATGCACTGGGTGAAGCAAAGCCATGTAAAGAGCCTTGAGTGGATTGGACGTATTAATCCTTACAATGGTGCTACTACCTACAACCAGAATTTCAAGGACAAGGCCAGCTTGACTGTAGATAAGTCCTCCAGCACAGCCTACATGGAGCTCCACAGCCTGACATCTGAGGACTCTGCAGTCTATTACTGTGCAAGATGGTATGGTAACTCCTACTATGCTATGGACTACTGGGGTCAAGGAACCTCAGTCACCGTCTCCTCAG,GAGGTCCAGCTGCAACAGTCTGGACCT...GAGCTGGTGAAGCCTGGGGCTTCAGTGAAGATATCCTGCAAGGCTTCTGGTTACTCATTC............ACTGGCTACTACATGCACTGGGTGAAGCAAAGCCATGTAAAGAGCCTTGAGTGGATTGGACGTATTAATCCTTAC......AATGGTGCTACTACCTACAACCAGAATTTCAAG...GACAAGGCCAGCTTGACTGTAGATAAGTCCTCCAGCACAGCCTACATGGAGCTCCACAGCCTGACATCTGAGGACTCTGCAGTCTATTACTGTGCAAGATGGTATGGTAACTCCTACTATGCTATGGACTACTGGGGTCAAGGAACCTCAGTCACCGTCTCCTCAG,TGTGCAAGATGGTATGGTAACTCCTACTATGCTATGGACTACTGG,45,NA,1260,0.9306,252,0.963,GAGGTCCAGCTGCAACAGTCTGGACCT...GAGCTGGTGAAGCCTGGGGCTTCAGTGAAGATATCCTGCAAGGCTTCT,ATGCACTGGGTGAAGCAAAGCCATGTAAAGAGCCTTGAGTGGATTGGACGT,ACCTACAACCAGAATTTCAAG...GACAAGGCCAGCTTGACTGTAGATAAGTCCTCCAGCACAGCCTACATGGAGCTCCACAGCCTGACATCTGAGGACTCTGCAGTCTATTACTGT,TGGGGTCAAGGAACCTCAGTCACCGTCTCCTCAG,GGTTACTCATTC............ACTGGCTACTAC,ATTAATCCTTAC......AATGGTGCTACT,GCAAGATGGTATGGTAACTCCTACTATGCTATGGACTAC,IGHE,1895,27,CARWYGNSYYAMDYW,238,238,contig_2,TGGGGGAAATACATCAGACCAGCATGGGCATCAAGATGGAGACACATTCTCAGGTCTTTGTATACATGTTGCTGTGGTTGTCTGGTGTTGAAGGAGACATTGTGATGACCCAGTCTCACAGATTCATGTCCACATCAGTAGGAGACCGGGTCAGCATCACCTGCAAGGCCAGTCAGGATGTGGGTACTGCTGTAGCCTGGTATCAACAGAAACCAGGGCAATCTCCTAAACTACTGATTTACTGGGCATCCACCCGGCACACTGGAGTCCCTGATCGCTTCACAGGCAGTGGATCTGGGACAGATTTCACTCTCACCATTAGCAATGTGCAGTCTGAAGACTTGGCAGATTATTTCTGTCAGCAATATAGCAGCTATCCGTACACGTTCGGAGGGGGGACCAAGCTGGAAATAAAACGGGCTGATGCTGCACCAACTGTATCCATCTTCCCACCATCCAGTGAGCAGTTAACATCTGGAGGTGCCTCAGTCGTGTGCTTC,59,T,T,F,IGK,Musmus IGKV6-23,Musmus IGKJ2,GACATTGTGATGACCCAGTCTCACAGATTCATGTCCACATCAGTAGGAGACCGGGTCAGCATCACCTGCAAGGCCAGTCAGGATGTGGGTACTGCTGTAGCCTGGTATCAACAGAAACCAGGGCAATCTCCTAAACTACTGATTTACTGGGCATCCACCCGGCACACTGGAGTCCCTGATCGCTTCACAGGCAGTGGATCTGGGACAGATTTCACTCTCACCATTAGCAATGTGCAGTCTGAAGACTTGGCAGATTATTTCTGTCAGCAATATAGCAGCTATCCGTACACGTTCGGAGGGGGGACCAAGCTGGAAATAAAAC,GACATTGTGATGACCCAGTCTCACAGATTCATGTCCACATCAGTAGGAGACCGGGTCAGCATCACCTGCAAGGCCAGTCAGGATGTG..................GGTACTGCTGTAGCCTGGTATCAACAGAAACCAGGGCAATCTCCTAAACTACTGATTTACTGGGCA.....................TCCACCCGGCACACTGGAGTCCCT...GATCGCTTCACAGGCAGTGGA......TCTGGGACAGATTTCACTCTCACCATTAGCAATGTGCAGTCTGAAGACTTGGCAGATTATTTCTGTCAGCAATATAGCAGCTATCCGTACACGTTCGGAGGGGGGACCAAGCTGGAAATAAAAC,TGTCAGCAATATAGCAGCTATCCGTACACGTTC,33,NA,1377,0.9928,190,1,GACATTGTGATGACCCAGTCTCACAGATTCATGTCCACATCAGTAGGAGACCGGGTCAGCATCACCTGCAAGGCCAGT,GTAGCCTGGTATCAACAGAAACCAGGGCAATCTCCTAAACTACTGATTTAC,ACCCGGCACACTGGAGTCCCT...GATCGCTTCACAGGCAGTGGA......TCTGGGACAGATTTCACTCTCACCATTAGCAATGTGCAGTCTGAAGACTTGGCAGATTATTTCTGT,TTCGGAGGGGGGACCAAGCTGGAAATAAAAC,CAGGATGTG..................GGTACTGCT,TGGGCA.....................TCC,CAGCAATATAGCAGCTATCCGTACACG,IGKC,3136,CQQYSSYPYTF,77,NA,1
ATCATGGGTGGTGTAG,contig_2,GGAGGGAATGTAAATCTCTCCTGGATCCACCCAAACTTGGGTTGAAAAGCCAAAGCTGGGCCTGTGTACTCACAAGTGTGCAGTCATGGGCAGACTTACTTCTTCATTCTTGCTACTGATTGTCCCTGCATATGTCCTGTCCCAGGTTACTCTGAAAGAGTCTGGCCCTGGGATATTGCAGCCCTCCCAGACCCTCAGTCTGACTTGTTCTTTCTCTGGGTTTTCACTGAGCACTTCTGGTATGGGTGTAGGCTGGATTCGTCAGCCTTCAGGGAAGGGTCTGGAGTGGCTGGCACACATTTGGTGGGATGATGATAAGTACTATAACACAGCCCTGAAGAGCGGGCTCACAATCTCCAAGGATACCTCCAAAAACCAGGTCTTCCTCAAGATCGCCAGTGTAGACACTGCAGATACTGCCACATACTACTGTGCTCGAATAGGTTATGATTATTTCGACTACTGGGGCCAAGGCACCACTCTCACAGTCTCCTCAGCCTCTATCAGGAACCCTCAGCTCTACCCCTTGAAGCCCTGTAAAGGCACTGCTTCCATGACCCTGGGCTGCCTGGTAAAGGACTACTTCCCTGGTCCTGTGACTGTGACCTGGTATTCAGACTCCCTGAACATGAGCACTGTGAACTTCCCTGC,T,T,F,IGH,Musmus IGHV8-8,Musmus IGHD2-3,Musmus IGHJ2,CAGGTTACTCTGAAAGAGTCTGGCCCTGGGATATTGCAGCCCTCCCAGACCCTCAGTCTGACTTGTTCTTTCTCTGGGTTTTCACTGAGCACTTCTGGTATGGGTGTAGGCTGGATTCGTCAGCCTTCAGGGAAGGGTCTGGAGTGGCTGGCACACATTTGGTGGGATGATGATAAGTACTATAACACAGCCCTGAAGAGCGGGCTCACAATCTCCAAGGATACCTCCAAAAACCAGGTCTTCCTCAAGATCGCCAGTGTAGACACTGCAGATACTGCCACATACTACTGTGCTCGAATAGGTTATGATTATTTCGACTACTGGGGCCAAGGCACCACTCTCACAGTCTCCTCAG,CAGGTTACTCTGAAAGAGTCTGGCCCT...GGGATATTGCAGCCCTCCCAGACCCTCAGTCTGACTTGTTCTTTCTCTGGGTTTTCACTGAGC......ACTTCTGGTATGGGTGTAGGCTGGATTCGTCAGCCTTCAGGGAAGGGTCTGGAGTGGCTGGCACACATTTGGTGGGAT.........GATGATAAGTACTATAACACAGCCCTGAAG...AGCGGGCTCACAATCTCCAAGGATACCTCCAAAAACCAGGTCTTCCTCAAGATCGCCAGTGTAGACACTGCAGATACTGCCACATACTACTGTGCTCGAATAGGTTATGATTATTTCGACTACTGGGGCCAAGGCACCACTCTCACAGTCTCCTCAG,TGTGCTCGAATAGGTTATGATTATTTCGACTACTGG,36,NA,1392,0.9759,213,0.9375,CAGGTTACTCTGAAAGAGTCTGGCCCT...GGGATATTGCAGCCCTCCCAGACCCTCAGTCTGACTTGTTCTTTCTCT,GTAGGCTGGATTCGTCAGCCTTCAGGGAAGGGTCTGGAGTGGCTGGCACAC,TACTATAACACAGCCCTGAAG...AGCGGGCTCACAATCTCCAAGGATACCTCCAAAAACCAGGTCTTCCTCAAGATCGCCAGTGTAGACACTGCAGATACTGCCACATACTACTGT,TGGGGCCAAGGCACCACTCTCACAGTCTCCTCAG,GGGTTTTCACTGAGC......ACTTCTGGTATGGGT,ATTTGGTGGGAT.........GATGATAAG,GCTCGAATAGGTTATGATTATTTCGACTAC,IGHE,1332,19,CARIGYDYFDYW,260,260,contig_1,GGGGATCCACACAAACTCAGGGAAAGCTTAAAGATGGTATTCACACCTCATATCCTTGGACTTCTGCTTTTCTGGATTTCAGCCTCCACAGGTGACATCCTGCTGACCCAGTCTCCAGCCACCCTGTCTGTGACTCCAGGAGAAACAGTCAGTCTTTCCTGTAGGGCCAGCCAGAGTATTTACAAGAACCTACACTGGTATCAACAGAAATCACATCGGTCTCCAAGGCTTCTCATCAAGTATGCTTCTGATTCCATCTCTGGGATCCCCTCCAGGTTCACTGGCAGTGGATCAGGGACAGATTACACTCTCAGTATCAACAGTGTGAAGCCCGAAGATGAAGGAATATATTACTGTCTTCAAGGTTACAGCACACCGCTCACGTTCGGTGCTGGGACCAAGCTGGAGCTGAAACGGGCTGATGCTGCACCAACTGTATCCATCTTCCCACCATCCAGTGAGCAGTTAACATCTGGAGGTGCCTCAGTCGTGTGCTTC,92,T,T,F,IGK,Musmus IGKV5-37,Musmus IGKJ5,GACATCCTGCTGACCCAGTCTCCAGCCACCCTGTCTGTGACTCCAGGAGAAACAGTCAGTCTTTCCTGTAGGGCCAGCCAGAGTATTTACAAGAACCTACACTGGTATCAACAGAAATCACATCGGTCTCCAAGGCTTCTCATCAAGTATGCTTCTGATTCCATCTCTGGGATCCCCTCCAGGTTCACTGGCAGTGGATCAGGGACAGATTACACTCTCAGTATCAACAGTGTGAAGCCCGAAGATGAAGGAATATATTACTGTCTTCAAGGTTACAGCACACCGCTCACGTTCGGTGCTGGGACCAAGCTGGAGCTGAAAC,GACATCCTGCTGACCCAGTCTCCAGCCACCCTGTCTGTGACTCCAGGAGAAACAGTCAGTCTTTCCTGTAGGGCCAGCCAGAGTATT..................TACAAGAACCTACACTGGTATCAACAGAAATCACATCGGTCTCCAAGGCTTCTCATCAAGTATGCT.....................TCTGATTCCATCTCTGGGATCCCC...TCCAGGTTCACTGGCAGTGGA......TCAGGGACAGATTACACTCTCAGTATCAACAGTGTGAAGCCCGAAGATGAAGGAATATATTACTGTCTTCAAGGTTACAGCACACCGCTCACGTTCGGTGCTGGGACCAAGCTGGAGCTGAAAC,TGTCTTCAAGGTTACAGCACACCGCTCACGTTC,33,NA,1395,1,190,1,GACATCCTGCTGACCCAGTCTCCAGCCACCCTGTCTGTGACTCCAGGAGAAACAGTCAGTCTTTCCTGTAGGGCCAGC,CTACACTGGTATCAACAGAAATCACATCGGTCTCCAAGGCTTCTCATCAAG,GATTCCATCTCTGGGATCCCC...TCCAGGTTCACTGGCAGTGGA......TCAGGGACAGATTACACTCTCAGTATCAACAGTGTGAAGCCCGAAGATGAAGGAATATATTACTGT,TTCGGTGCTGGGACCAAGCTGGAGCTGAAAC,CAGAGTATT..................TACAAGAAC,TATGCT.....................TCT,CTTCAAGGTTACAGCACACCGCTCACG,IGKC,2776,CLQGYSTPLTF,72,NA,1
CTAACTTTCGAGAACG,contig_2,TGGGGAAGCGAGTGACCAGTTAGTCTTAAGGCACCACTTCTTAGACATCATGGCTTGGGTGTGGACCTTGCTATTCCTGATGGCAGCTGCCCAAAGTGCCCAAGCACAGATCCAGTTGGTGCAGTCTGGACCTGAGCTGAAGAAGCCTGGAGAGACAGTCAAGATCTCCTGCAAGGCTTCTGGGTATACCTTCACAAACTATGGAATGAACTGGGTGAAGCAGGCTCCAGGAAAGGGTTTAAAGTGGATGGGCTGGATAAACACCTACACTGGAGAGCCAACATATGCTGATGACTTCAAGGGACGGTTTGCCTTCTCTTTGGAAACCTCTGCCAGCACTGCCTATTTGCAGATCAACAACCTCAAAAATGAGGACACGGCTACATATTTCTGTGCAAGAAGTAACTACTGGTACTTCGATGTCTGGGGCGCAGGGACCACGGTCACCGTCTCCTCAGCCTCTATCAGGAACCCTCAGCTCTACCCCTTGAAGCCCTGTAAAGGCACTGCTTCCATGACCCTGGGCTGCCTGGTAAAGGACTACTTCCCTGGTCCTGTGACTGTGACCTGGTATTCAGACTCCCTGAACATGAGCACTGTGAACTTCCCTGC,T,T,F,IGH,Musmus IGHV9-3-1,Musmus IGHD2-5,Musmus IGHJ1,CAGATCCAGTTGGTGCAGTCTGGACCTGAGCTGAAGAAGCCTGGAGAGACAGTCAAGATCTCCTGCAAGGCTTCTGGGTATACCTTCACAAACTATGGAATGAACTGGGTGAAGCAGGCTCCAGGAAAGGGTTTAAAGTGGATGGGCTGGATAAACACCTACACTGGAGAGCCAACATATGCTGATGACTTCAAGGGACGGTTTGCCTTCTCTTTGGAAACCTCTGCCAGCACTGCCTATTTGCAGATCAACAACCTCAAAAATGAGGACACGGCTACATATTTCTGTGCAAGAAGTAACTACTGGTACTTCGATGTCTGGGGCGCAGGGACCACGGTCACCGTCTCCTCAG,CAGATCCAGTTGGTGCAGTCTGGACCT...GAGCTGAAGAAGCCTGGAGAGACAGTCAAGATCTCCTGCAAGGCTTCTGGGTATACCTTC............ACAAACTATGGAATGAACTGGGTGAAGCAGGCTCCAGGAAAGGGTTTAAAGTGGATGGGCTGGATAAACACCTAC......ACTGGAGAGCCAACATATGCTGATGACTTCAAG...GGACGGTTTGCCTTCTCTTTGGAAACCTCTGCCAGCACTGCCTATTTGCAGATCAACAACCTCAAAAATGAGGACACGGCTACATATTTCTGTGCAAGAAGTAACTACTGGTACTTCGATGTCTGGGGCGCAGGGACCACGGTCACCGTCTCCTCAG,TGTGCAAGAAGTAACTACTGGTACTTCGATGTCTGG,36,NA,1440,1,265,1,CAGATCCAGTTGGTGCAGTCTGGACCT...GAGCTGAAGAAGCCTGGAGAGACAGTCAAGATCTCCTGCAAGGCTTCT,ATGAACTGGGTGAAGCAGGCTCCAGGAAAGGGTTTAAAGTGGATGGGCTGG,ACATATGCTGATGACTTCAAG...GGACGGTTTGCCTTCTCTTTGGAAACCTCTGCCAGCACTGCCTATTTGCAGATCAACAACCTCAAAAATGAGGACACGGCTACATATTTCTGT,TGGGGCGCAGGGACCACGGTCACCGTCTCCTCAG,GGGTATACCTTC............ACAAACTATGGA,ATAAACACCTAC......ACTGGAGAGCCA,GCAAGAAGTAACTACTGGTACTTCGATGTC,IGHE,2316,27,CARSNYWYFDVW,679,679,contig_1,GGGGAGCTGCCAGGAGCCTAAGAAGCATCCTCTCATCTAGTTCTCAGAGATGGAGACAGACACAATCCTGCTATGGGTGCTGCTGCTCTGGGTTCCAGGCTCCACTGGTGACATTGTGCTGACCCAATCTCCAGCTTCTTTGGCTGTGTCTCTAGGGCAGAGGGCCACCATCTCCTGCAAGGCCAGCCAAAGTGTTGATTATGATGGTGATAGTTATATGAACTGGTACCAACAGAAACCAGGACAGCCACCCAAACTCCTCATCTATGCTGCATCCAATCTAGAATCTGGAATCCCAGCCAGGTTTAGTGGCAGTGGGTCTGGGACAGACTTCACCCTCAACATCCATCCTGTGGAGGAGGAGGATGCTGCAACCTATTGCTGTCACCAAAGTAATGAGGATCCGTACACGTTCGGAGGGGGGACCAAGCTGGAAATAAAACGGGCTGATGCTGCACCAACTGTATCCATCTTCCCACCATCCAGTGAGCAGTTAACATCTGGAGGTGCCTCAGTCGTGTGCTTC,91,T,T,F,IGK,Musmus IGKV3-4,Musmus IGKJ2,GACATTGTGCTGACCCAATCTCCAGCTTCTTTGGCTGTGTCTCTAGGGCAGAGGGCCACCATCTCCTGCAAGGCCAGCCAAAGTGTTGATTATGATGGTGATAGTTATATGAACTGGTACCAACAGAAACCAGGACAGCCACCCAAACTCCTCATCTATGCTGCATCCAATCTAGAATCTGGAATCCCAGCCAGGTTTAGTGGCAGTGGGTCTGGGACAGACTTCACCCTCAACATCCATCCTGTGGAGGAGGAGGATGCTGCAACCTATTGCTGTCACCAAAGTAATGAGGATCCGTACACGTTCGGAGGGGGGACCAAGCTGGAAATAAAAC,GACATTGTGCTGACCCAATCTCCAGCTTCTTTGGCTGTGTCTCTAGGGCAGAGGGCCACCATCTCCTGCAAGGCCAGCCAAAGTGTTGATTAT......GATGGTGATAGTTATATGAACTGGTACCAACAGAAACCAGGACAGCCACCCAAACTCCTCATCTATGCTGCA.....................TCCAATCTAGAATCTGGAATCCCA...GCCAGGTTTAGTGGCAGTGGG......TCTGGGACAGACTTCACCCTCAACATCCATCCTGTGGAGGAGGAGGATGCTGCAACCTATTGCTGTCACCAAAGTAATGAGGATCCGTACACGTTCGGAGGGGGGACCAAGCTGGAAATAAAAC,TGTCACCAAAGTAATGAGGATCCGTACACGTTC,33,NA,1428,0.9897,190,1,GACATTGTGCTGACCCAATCTCCAGCTTCTTTGGCTGTGTCTCTAGGGCAGAGGGCCACCATCTCCTGCAAGGCCAGC,ATGAACTGGTACCAACAGAAACCAGGACAGCCACCCAAACTCCTCATCTAT,AATCTAGAATCTGGAATCCCA...GCCAGGTTTAGTGGCAGTGGG......TCTGGGACAGACTTCACCCTCAACATCCATCCTGTGGAGGAGGAGGATGCTGCAACCTATTGCTGT,TTCGGAGGGGGGACCAAGCTGGAAATAAAAC,CAAAGTGTTGATTAT......GATGGTGATAGTTAT,GCTGCA.....................TCC,CACCAAAGTAATGAGGATCCGTACACG,IGKC,6854,CHQSNEDPYTF,163,NA,1
GAATGAACATGTTCCC,contig_2,TGGGAGCTCTGACAGAGGAGGCAGGTCCTGGATTCGATTCCCAGTTCCTCACATTCAGTCAGCACTGAACACGGACCCCTCACCATGAACTTTGTGCTCAGCTTGATTTTCCTTGCCCTCATTTTAAAAGGTGTCCAGTGTGAAGTGCAGCTGGTGGAGTCTGGGGGAGGCTTAGTGAAGCCTGGAGGGTCCCTGAAACTCTCCTGTGCAGCCTCTGGATTCACTTTCAGTAGCTATGCCATGTCTTGGGTTCGCCAGACTCCGGAGAAGAGGCTGGAGTGGGTCGCAACCATTAGTAGTGGTGGTAGTTACACCTACTATCCAGACAGTGTGAAGGGTCGATTCACCATCTCCAGAGACAATGCCAAGAACACCCTGTACCTGCAAATGCGCAGTCTGAGGTCTGAGGACACGGCCATTTATTACTGTGCAAGACATTATGGTAACTACGGGTACTACTTTGACTACTGGGGCCAAGGCACCACTCTCACAGTCTCCTCAGCCTCTATCAGGAACCCTCAGCTCTACCCCTTGAAGCCCTGTAAAGGCACTGCTTCCATGACCCTGGGCTGCCTGGTAAAGGACTACTTCCCTGGTCCTGTGACTGTGACCTGGTATTCAGACTCCCTGAACATGAGCACTGTGAACTTCCCTGC,T,T,F,IGH,Musmus IGHV5-9-3,Musmus IGHD2-1,Musmus IGHJ2,GAAGTGCAGCTGGTGGAGTCTGGGGGAGGCTTAGTGAAGCCTGGAGGGTCCCTGAAACTCTCCTGTGCAGCCTCTGGATTCACTTTCAGTAGCTATGCCATGTCTTGGGTTCGCCAGACTCCGGAGAAGAGGCTGGAGTGGGTCGCAACCATTAGTAGTGGTGGTAGTTACACCTACTATCCAGACAGTGTGAAGGGTCGATTCACCATCTCCAGAGACAATGCCAAGAACACCCTGTACCTGCAAATGCGCAGTCTGAGGTCTGAGGACACGGCCATTTATTACTGTGCAAGACATTATGGTAACTACGGGTACTACTTTGACTACTGGGGCCAAGGCACCACTCTCACAGTCTCCTCAG,GAAGTGCAGCTGGTGGAGTCTGGGGGA...GGCTTAGTGAAGCCTGGAGGGTCCCTGAAACTCTCCTGTGCAGCCTCTGGATTCACTTTC............AGTAGCTATGCCATGTCTTGGGTTCGCCAGACTCCGGAGAAGAGGCTGGAGTGGGTCGCAACCATTAGTAGTGGT......GGTAGTTACACCTACTATCCAGACAGTGTGAAG...GGTCGATTCACCATCTCCAGAGACAATGCCAAGAACACCCTGTACCTGCAAATGCGCAGTCTGAGGTCTGAGGACACGGCCATTTATTACTGTGCAAGACATTATGGTAACTACGGGTACTACTTTGACTACTGGGGCCAAGGCACCACTCTCACAGTCTCCTCAG,TGTGCAAGACATTATGGTAACTACGGGTACTACTTTGACTACTGG,45,NA,1422,0.9931,240,1,GAAGTGCAGCTGGTGGAGTCTGGGGGA...GGCTTAGTGAAGCCTGGAGGGTCCCTGAAACTCTCCTGTGCAGCCTCT,ATGTCTTGGGTTCGCCAGACTCCGGAGAAGAGGCTGGAGTGGGTCGCAACC,TACTATCCAGACAGTGTGAAG...GGTCGATTCACCATCTCCAGAGACAATGCCAAGAACACCCTGTACCTGCAAATGCGCAGTCTGAGGTCTGAGGACACGGCCATTTATTACTGT,TGGGGCCAAGGCACCACTCTCACAGTCTCCTCAG,GGATTCACTTTC............AGTAGCTATGCC,ATTAGTAGTGGT......GGTAGTTACACC,GCAAGACATTATGGTAACTACGGGTACTACTTTGACTAC,IGHE,3605,48,CARHYGNYGYYFDYW,1394,1394,contig_1,GCTGTAATCAGCATCACACTGAAAACACACAGACATGAGTGTGCCCACTCAGGTCCTGGGGTTGCTGCTGCTGTGGCTTACAGGTGCCAGATGTGACATCCAGATGACTCAGTCTCCAGCCTCCCTATCTGCATCTGTGGGAGAAACTGTCACCATCACATGTCGAGCAAGTGAGAATATTTACAGTTATTTAGCATGGTATCAGCAGAAACAGGGAAAATCTCCTCAGCTCCTGGTCTATAATGCAAAAACCTTAGCAGAAGGTGTGCCATCAAGGTTCAGTGGCAGTGGATCAGGCACACAGTTTTCTCTGAAGATCAACAGCCTGCAGCCTGAAGATTTAGGGAGTTATTACTGTCAACATCATTATGGTACTCTGTACACGTTCGGAGGGGGGACCAAGCTGGAAATAAAACGGGCTGATGCTGCACCAACTGTATCCATCTTCCCACCATCCAGTGAGCAGTTAACATCTGGAGGTGCCTCAGTCGTGTGCTTC,200,T,T,F,IGK,Musmus IGKV12-44,Musmus IGKJ2,GACATCCAGATGACTCAGTCTCCAGCCTCCCTATCTGCATCTGTGGGAGAAACTGTCACCATCACATGTCGAGCAAGTGAGAATATTTACAGTTATTTAGCATGGTATCAGCAGAAACAGGGAAAATCTCCTCAGCTCCTGGTCTATAATGCAAAAACCTTAGCAGAAGGTGTGCCATCAAGGTTCAGTGGCAGTGGATCAGGCACACAGTTTTCTCTGAAGATCAACAGCCTGCAGCCTGAAGATTTAGGGAGTTATTACTGTCAACATCATTATGGTACTCTGTACACGTTCGGAGGGGGGACCAAGCTGGAAATAAAAC,GACATCCAGATGACTCAGTCTCCAGCCTCCCTATCTGCATCTGTGGGAGAAACTGTCACCATCACATGTCGAGCAAGTGAGAATATT..................TACAGTTATTTAGCATGGTATCAGCAGAAACAGGGAAAATCTCCTCAGCTCCTGGTCTATAATGCA.....................AAAACCTTAGCAGAAGGTGTGCCA...TCAAGGTTCAGTGGCAGTGGA......TCAGGCACACAGTTTTCTCTGAAGATCAACAGCCTGCAGCCTGAAGATTTAGGGAGTTATTACTGTCAACATCATTATGGTACTCTGTACACGTTCGGAGGGGGGACCAAGCTGGAAATAAAAC,TGTCAACATCATTATGGTACTCTGTACACGTTC,33,NA,1386,0.9964,195,1,GACATCCAGATGACTCAGTCTCCAGCCTCCCTATCTGCATCTGTGGGAGAAACTGTCACCATCACATGTCGAGCAAGT,TTAGCATGGTATCAGCAGAAACAGGGAAAATCTCCTCAGCTCCTGGTCTAT,ACCTTAGCAGAAGGTGTGCCA...TCAAGGTTCAGTGGCAGTGGA......TCAGGCACACAGTTTTCTCTGAAGATCAACAGCCTGCAGCCTGAAGATTTAGGGAGTTATTACTGT,TTCGGAGGGGGGACCAAGCTGGAAATAAAAC,GAGAATATT..................TACAGTTAT,AATGCA.....................AAA,CAACATCATTATGGTACTCTGTACACG,IGKC,8931,CQHHYGTLYTF,213,NA,1
GGCGACTAGAGGTTAT,contig_2,GGGGACAAGTGTGCAGACATGGACAGGCTTACTTCTTCATTCCTGCTGCTGATTGTCCCTGCATATGTCTTGTCCCAAGTTACTCTAAAAGAGTCTGGCCCTGGGATATTGAAGCCCTCACAGACCCTCAGTCTGACTTGTTCTTTCTCTGGGTTTTCACTGACCACTTCTGGTATGGGTGTAGGCTGGATTCGTCAGCCTTCAGGGAAGGGTCTGGAGTGGCTGGCACACATTTGGTGGGATGATGATAAGTACTATAACCCATCCCTGAAGAGCCAGCTCACAATCTCCAAGGATACCTCCAGAAACCAGGTATTCCTCAAGATCACCAGTGTGGACACTGCAGATACTGCCACTTACTACTGTGCTCGAAAGGACTATAGGTACGACGACGTCTCGTTTGCTTACTGGGGCCAAGGGACTCTGGTCACTGTCTCTGCAGCCTCTATCAGGAACCCTCAGCTCTACCCCTTGAAGCCCTGTAAAGGCACTGCTTCCATGACCCTGGGCTGCCTGGTAAAGGACTACTTCCCTGGTCCTGTGACTGTGACCTGGTATTCAGACTCCCTGAACATGAGCACTGTGAACTTCCCTGC,T,T,F,IGH,Musmus IGHV8-8,Musmus IGHD2-14,Musmus IGHJ3,CAAGTTACTCTAAAAGAGTCTGGCCCTGGGATATTGAAGCCCTCACAGACCCTCAGTCTGACTTGTTCTTTCTCTGGGTTTTCACTGACCACTTCTGGTATGGGTGTAGGCTGGATTCGTCAGCCTTCAGGGAAGGGTCTGGAGTGGCTGGCACACATTTGGTGGGATGATGATAAGTACTATAACCCATCCCTGAAGAGCCAGCTCACAATCTCCAAGGATACCTCCAGAAACCAGGTATTCCTCAAGATCACCAGTGTGGACACTGCAGATACTGCCACTTACTACTGTGCTCGAAAGGACTATAGGTACGACGACGTCTCGTTTGCTTACTGGGGCCAAGGGACTCTGGTCACTGTCTCTGCAG,CAAGTTACTCTAAAAGAGTCTGGCCCT...GGGATATTGAAGCCCTCACAGACCCTCAGTCTGACTTGTTCTTTCTCTGGGTTTTCACTGACC......ACTTCTGGTATGGGTGTAGGCTGGATTCGTCAGCCTTCAGGGAAGGGTCTGGAGTGGCTGGCACACATTTGGTGGGAT.........GATGATAAGTACTATAACCCATCCCTGAAG...AGCCAGCTCACAATCTCCAAGGATACCTCCAGAAACCAGGTATTCCTCAAGATCACCAGTGTGGACACTGCAGATACTGCCACTTACTACTGTGCTCGAAAGGACTATAGGTACGACGACGTCTCGTTTGCTTACTGGGGCCAAGGGACTCTGGTCACTGTCTCTGCAG,TGTGCTCGAAAGGACTATAGGTACGACGACGTCTCGTTTGCTTACTGG,48,NA,1338,0.9553,222,0.9583,CAAGTTACTCTAAAAGAGTCTGGCCCT...GGGATATTGAAGCCCTCACAGACCCTCAGTCTGACTTGTTCTTTCTCT,GTAGGCTGGATTCGTCAGCCTTCAGGGAAGGGTCTGGAGTGGCTGGCACAC,TACTATAACCCATCCCTGAAG...AGCCAGCTCACAATCTCCAAGGATACCTCCAGAAACCAGGTATTCCTCAAGATCACCAGTGTGGACACTGCAGATACTGCCACTTACTACTGT,TGGGGCCAAGGGACTCTGGTCACTGTCTCTGCAG,GGGTTTTCACTGACC......ACTTCTGGTATGGGT,ATTTGGTGGGAT.........GATGATAAG,GCTCGAAAGGACTATAGGTACGACGACGTCTCGTTTGCTTAC,IGHE,2757,33,CARKDYRYDDVSFAYW,25,25,contig_3,AATGCATCAGACCAGCATGGGCATCAAGATGGAATCACAGACTCTGGTCTTCATATCCATACTGCTCTGGTTATATGGTGCTGATGGGAACATTGTAATGACCCAATCTCCCAAATCCATGTCCATGTCAGTAGGAGAGAGGGTCACCTTGAGCTGCAAGGCCAGTGAGAATGTGGGTACTTATGTATCCTGGTATCAACAGAAACCAGAGCAGTCTCCTAAACTGCTGATATACGGGGCATCCAACCGGTACACTGGGGTCCCCGATCGCTTCACAGGCAGTGGATCTGCAACAGATTTCACTCTGACCATCAGCAGTGTGCAGGCTGAAGACCTTGTAGATTATCACTGTGGACAGAGTTACAGCTATCCGTGGACGTTCGGTGGAGGCACCAAGCTGGAAATCAAACGGGCTGATGCTGCACCAACTGTATCCATCTTCCCACCATCCAGTGAGCAGTTAACATCTGGAGGTGCCTCAGTCGTGTGCTTC,16,T,T,F,IGK,Musmus IGKV6-20,Musmus IGKJ1,AACATTGTAATGACCCAATCTCCCAAATCCATGTCCATGTCAGTAGGAGAGAGGGTCACCTTGAGCTGCAAGGCCAGTGAGAATGTGGGTACTTATGTATCCTGGTATCAACAGAAACCAGAGCAGTCTCCTAAACTGCTGATATACGGGGCATCCAACCGGTACACTGGGGTCCCCGATCGCTTCACAGGCAGTGGATCTGCAACAGATTTCACTCTGACCATCAGCAGTGTGCAGGCTGAAGACCTTGTAGATTATCACTGTGGACAGAGTTACAGCTATCCGTGGACGTTCGGTGGAGGCACCAAGCTGGAAATCAAAC,AACATTGTAATGACCCAATCTCCCAAATCCATGTCCATGTCAGTAGGAGAGAGGGTCACCTTGAGCTGCAAGGCCAGTGAGAATGTG..................GGTACTTATGTATCCTGGTATCAACAGAAACCAGAGCAGTCTCCTAAACTGCTGATATACGGGGCA.....................TCCAACCGGTACACTGGGGTCCCC...GATCGCTTCACAGGCAGTGGA......TCTGCAACAGATTTCACTCTGACCATCAGCAGTGTGCAGGCTGAAGACCTTGTAGATTATCACTGTGGACAGAGTTACAGCTATCCGTGGACGTTCGGTGGAGGCACCAAGCTGGAAATCAAAC,TGTGGACAGAGTTACAGCTATCCGTGGACGTTC,33,NA,1386,0.9964,190,1,AACATTGTAATGACCCAATCTCCCAAATCCATGTCCATGTCAGTAGGAGAGAGGGTCACCTTGAGCTGCAAGGCCAGT,GTATCCTGGTATCAACAGAAACCAGAGCAGTCTCCTAAACTGCTGATATAC,AACCGGTACACTGGGGTCCCC...GATCGCTTCACAGGCAGTGGA......TCTGCAACAGATTTCACTCTGACCATCAGCAGTGTGCAGGCTGAAGACCTTGTAGATTATCACTGT,TTCGGTGGAGGCACCAAGCTGGAAATCAAAC,GAGAATGTG..................GGTACTTAT,GGGGCA.....................TCC,GGACAGAGTTACAGCTATCCGTGGACG,IGKC,5227,CGQSYSYPWTF,106,NA,2
GGCGACTAGAGGTTAT,contig_2,GGGGACAAGTGTGCAGACATGGACAGGCTTACTTCTTCATTCCTGCTGCTGATTGTCCCTGCATATGTCTTGTCCCAAGTTACTCTAAAAGAGTCTGGCCCTGGGATATTGAAGCCCTCACAGACCCTCAGTCTGACTTGTTCTTTCTCTGGGTTTTCACTGACCACTTCTGGTATGGGTGTAGGCTGGATTCGTCAGCCTTCAGGGAAGGGTCTGGAGTGGCTGGCACACATTTGGTGGGATGATGATAAGTACTATAACCCATCCCTGAAGAGCCAGCTCACAATCTCCAAGGATACCTCCAGAAACCAGGTATTCCTCAAGATCACCAGTGTGGACACTGCAGATACTGCCACTTACTACTGTGCTCGAAAGGACTATAGGTACGACGACGTCTCGTTTGCTTACTGGGGCCAAGGGACTCTGGTCACTGTCTCTGCAGCCTCTATCAGGAACCCTCAGCTCTACCCCTTGAAGCCCTGTAAAGGCACTGCTTCCATGACCCTGGGCTGCCTGGTAAAGGACTACTTCCCTGGTCCTGTGACTGTGACCTGGTATTCAGACTCCCTGAACATGAGCACTGTGAACTTCCCTGC,T,T,F,IGH,Musmus IGHV8-8,Musmus IGHD2-14,Musmus IGHJ3,CAAGTTACTCTAAAAGAGTCTGGCCCTGGGATATTGAAGCCCTCACAGACCCTCAGTCTGACTTGTTCTTTCTCTGGGTTTTCACTGACCACTTCTGGTATGGGTGTAGGCTGGATTCGTCAGCCTTCAGGGAAGGGTCTGGAGTGGCTGGCACACATTTGGTGGGATGATGATAAGTACTATAACCCATCCCTGAAGAGCCAGCTCACAATCTCCAAGGATACCTCCAGAAACCAGGTATTCCTCAAGATCACCAGTGTGGACACTGCAGATACTGCCACTTACTACTGTGCTCGAAAGGACTATAGGTACGACGACGTCTCGTTTGCTTACTGGGGCCAAGGGACTCTGGTCACTGTCTCTGCAG,CAAGTTACTCTAAAAGAGTCTGGCCCT...GGGATATTGAAGCCCTCACAGACCCTCAGTCTGACTTGTTCTTTCTCTGGGTTTTCACTGACC......ACTTCTGGTATGGGTGTAGGCTGGATTCGTCAGCCTTCAGGGAAGGGTCTGGAGTGGCTGGCACACATTTGGTGGGAT.........GATGATAAGTACTATAACCCATCCCTGAAG...AGCCAGCTCACAATCTCCAAGGATACCTCCAGAAACCAGGTATTCCTCAAGATCACCAGTGTGGACACTGCAGATACTGCCACTTACTACTGTGCTCGAAAGGACTATAGGTACGACGACGTCTCGTTTGCTTACTGGGGCCAAGGGACTCTGGTCACTGTCTCTGCAG,TGTGCTCGAAAGGACTATAGGTACGACGACGTCTCGTTTGCTTACTGG,48,NA,1338,0.9553,222,0.9583,CAAGTTACTCTAAAAGAGTCTGGCCCT...GGGATATTGAAGCCCTCACAGACCCTCAGTCTGACTTGTTCTTTCTCT,GTAGGCTGGATTCGTCAGCCTTCAGGGAAGGGTCTGGAGTGGCTGGCACAC,TACTATAACCCATCCCTGAAG...AGCCAGCTCACAATCTCCAAGGATACCTCCAGAAACCAGGTATTCCTCAAGATCACCAGTGTGGACACTGCAGATACTGCCACTTACTACTGT,TGGGGCCAAGGGACTCTGGTCACTGTCTCTGCAG,GGGTTTTCACTGACC......ACTTCTGGTATGGGT,ATTTGGTGGGAT.........GATGATAAG,GCTCGAAAGGACTATAGGTACGACGACGTCTCGTTTGCTTAC,IGHE,2757,33,CARKDYRYDDVSFAYW,25,25,contig_1,GGAAAGTACTTATGAGAATAGTAGTAATTAGCTAGGGACCAAAGTTCAAAGACAAAATGGATTTTCAAGTGCAGATTTTCAGCTTCCTGCTAATCAGTGCCTCAGTCATACTGTCCAGAGGACAAATTGTTCTCACCCAGTCTCCAGCAATCATGTCTGCATCTCCAGGGGAGAAGGTCACCATGACCTGCAGTGCCAGCTCAAGTGTAAGTTACATGTACTGGTACCAGCAGAAGCCAGGATCCTCCCCCAGACTCCTGATTTATGACACATCCAACCTGGCTTCTGGAGTCCCTGTTCGCTTCAGTGGCAGTGGGTCTGGGACCTCTTACTCTCTCTCAATCAGCCGAATGGAGGCTGAAGATGCTGCCTCTTATTACTGCCAGCAGTGGAGTAGTTACCCATTCACGTTCGGCTCGGGGACAAAGTTGGAAATAAAACGGGCTGATGCTGCACCAACTGTATCCATCTTCCCACCATCCAGTGAGCAGTTAACATCTGGAGGTGCCTCAGTCGTGTGCTTC,20,T,T,F,IGK,Musmus IGKV4-55,Musmus IGKJ4,CAAATTGTTCTCACCCAGTCTCCAGCAATCATGTCTGCATCTCCAGGGGAGAAGGTCACCATGACCTGCAGTGCCAGCTCAAGTGTAAGTTACATGTACTGGTACCAGCAGAAGCCAGGATCCTCCCCCAGACTCCTGATTTATGACACATCCAACCTGGCTTCTGGAGTCCCTGTTCGCTTCAGTGGCAGTGGGTCTGGGACCTCTTACTCTCTCTCAATCAGCCGAATGGAGGCTGAAGATGCTGCCTCTTATTACTGCCAGCAGTGGAGTAGTTACCCATTCACGTTCGGCTCGGGGACAAAGTTGGAAATAAAAC,CAAATTGTTCTCACCCAGTCTCCAGCAATCATGTCTGCATCTCCAGGGGAGAAGGTCACCATGACCTGCAGTGCCAGCTCAAGTGTA.....................AGTTACATGTACTGGTACCAGCAGAAGCCAGGATCCTCCCCCAGACTCCTGATTTATGACACA.....................TCCAACCTGGCTTCTGGAGTCCCT...GTTCGCTTCAGTGGCAGTGGG......TCTGGGACCTCTTACTCTCTCTCAATCAGCCGAATGGAGGCTGAAGATGCTGCCTCTTATTACTGCCAGCAGTGGAGTAGTTACCCATTCACGTTCGGCTCGGGGACAAAGTTGGAAATAAAAC,TGCCAGCAGTGGAGTAGTTACCCATTCACGTTC,33,NA,1362,0.9928,165,1,CAAATTGTTCTCACCCAGTCTCCAGCAATCATGTCTGCATCTCCAGGGGAGAAGGTCACCATGACCTGCAGTGCCAGC,ATGTACTGGTACCAGCAGAAGCCAGGATCCTCCCCCAGACTCCTGATTTAT,AACCTGGCTTCTGGAGTCCCT...GTTCGCTTCAGTGGCAGTGGG......TCTGGGACCTCTTACTCTCTCTCAATCAGCCGAATGGAGGCTGAAGATGCTGCCTCTTATTACTGC,TTCGGCTCGGGGACAAAGTTGGAAATAAAAC,TCAAGTGTA.....................AGTTAC,GACACA.....................TCC,CAGCAGTGGAGTAGTTACCCATTCACG,IGKC,2605,CQQWSSYPFTF,59,NA,2
TACTCATGTAGGAGTC,contig_1,GGGGACAAGTGTGCAGTCATGGGCAGACTTACTTCTTCATTCTTGCTACTGATTGTCCCTGCATATGTCCTGTCCCAGGTTACTCTGAAAGAGTCTGGCCCTGGGATATTGCAGCCCTCCCAGACCCTCAGTCTGACTTGTTCTTTCTCTGGGTTTTCACTGAGCACTTCTGGTATGGGTGTAGGCTGGATTCGTCAGCCTTCAGGGAAGGGTCTGGAGTGGCTGGCACACATTTGGTGGGATGATGATAAGTACTATAACACAGCCCTGAAGAGCGGGCTCACAATCTCCAAGGATACCTCCAAAAACCAGGTCTTCCTCAAGATCGCCAGTGTGGACACTGCAGATACTGCCACATACTACTGTGCTCGAATAGGTTATGATTACTTCGACTACTGGGGCCAAGGCACCACTCTCACAGTCTCCTCAGCCTCTATCAGGAACCCTCAGCTCTACCCCTTGAAGCCCTGTAAAGGCACTGCTTCCATGACCCTGGGCTGCCTGGTAAAGGACTACTTCCCTGGTCCTGTGACTGTGACCTGGTATTCAGACTCCCTGAACATGAGCACTGTGAACTTCCCTGC,T,T,F,IGH,Musmus IGHV8-8,Musmus IGHD2-3,Musmus IGHJ2,CAGGTTACTCTGAAAGAGTCTGGCCCTGGGATATTGCAGCCCTCCCAGACCCTCAGTCTGACTTGTTCTTTCTCTGGGTTTTCACTGAGCACTTCTGGTATGGGTGTAGGCTGGATTCGTCAGCCTTCAGGGAAGGGTCTGGAGTGGCTGGCACACATTTGGTGGGATGATGATAAGTACTATAACACAGCCCTGAAGAGCGGGCTCACAATCTCCAAGGATACCTCCAAAAACCAGGTCTTCCTCAAGATCGCCAGTGTGGACACTGCAGATACTGCCACATACTACTGTGCTCGAATAGGTTATGATTACTTCGACTACTGGGGCCAAGGCACCACTCTCACAGTCTCCTCAG,CAGGTTACTCTGAAAGAGTCTGGCCCT...GGGATATTGCAGCCCTCCCAGACCCTCAGTCTGACTTGTTCTTTCTCTGGGTTTTCACTGAGC......ACTTCTGGTATGGGTGTAGGCTGGATTCGTCAGCCTTCAGGGAAGGGTCTGGAGTGGCTGGCACACATTTGGTGGGAT.........GATGATAAGTACTATAACACAGCCCTGAAG...AGCGGGCTCACAATCTCCAAGGATACCTCCAAAAACCAGGTCTTCCTCAAGATCGCCAGTGTGGACACTGCAGATACTGCCACATACTACTGTGCTCGAATAGGTTATGATTACTTCGACTACTGGGGCCAAGGCACCACTCTCACAGTCTCCTCAG,TGTGCTCGAATAGGTTATGATTACTTCGACTACTGG,36,NA,1401,0.9794,222,0.9583,CAGGTTACTCTGAAAGAGTCTGGCCCT...GGGATATTGCAGCCCTCCCAGACCCTCAGTCTGACTTGTTCTTTCTCT,GTAGGCTGGATTCGTCAGCCTTCAGGGAAGGGTCTGGAGTGGCTGGCACAC,TACTATAACACAGCCCTGAAG...AGCGGGCTCACAATCTCCAAGGATACCTCCAAAAACCAGGTCTTCCTCAAGATCGCCAGTGTGGACACTGCAGATACTGCCACATACTACTGT,TGGGGCCAAGGCACCACTCTCACAGTCTCCTCAG,GGGTTTTCACTGAGC......ACTTCTGGTATGGGT,ATTTGGTGGGAT.........GATGATAAG,GCTCGAATAGGTTATGATTACTTCGACTAC,IGHE,234,7,CARIGYDYFDYW,260,260,contig_2,GGATCCACACAAACTCAGGGAAAGCTTAAAGATGGTATTCACACCTCATATCCTTGGACTTCTGCTTTTCTGGATTTCAGCCTCCACAGGTGACATCCTGCTGACCCAGTCTCCAGCCACCCTGTCTGTGACTCCAGGAGAAACAGTCAGTCTTTCCTGTAGGGCCAGCCAGAGTATTAACAAGAACCTACACTGGTATCAACAGAAATCACATCGGTCTCCAAGGCTTCTCATCAAGTATGCTTCTGATTCCATCTCTGGGATCCCCTCCAGGTTCACTGGCAGTGGATCAGGGACAGATTACACTCTCAGTATCAACAGTGTGAGGCCCGAAGATGAGGGAATATATTACTGTCTTCAAGGTTACAGCACACCGCTCACGTTCGGTGCTGGGACCAAGCTGGAGCTGAAACGGGCTGATGCTGCACCAACTGTATCCATCTTCCCACCATCCAGTGAGCAGTTAACATCTGGAGGTGCCTCAGTCGTGTGCTTC,92,T,T,F,IGK,Musmus IGKV5-37,Musmus IGKJ5,GACATCCTGCTGACCCAGTCTCCAGCCACCCTGTCTGTGACTCCAGGAGAAACAGTCAGTCTTTCCTGTAGGGCCAGCCAGAGTATTAACAAGAACCTACACTGGTATCAACAGAAATCACATCGGTCTCCAAGGCTTCTCATCAAGTATGCTTCTGATTCCATCTCTGGGATCCCCTCCAGGTTCACTGGCAGTGGATCAGGGACAGATTACACTCTCAGTATCAACAGTGTGAGGCCCGAAGATGAGGGAATATATTACTGTCTTCAAGGTTACAGCACACCGCTCACGTTCGGTGCTGGGACCAAGCTGGAGCTGAAAC,GACATCCTGCTGACCCAGTCTCCAGCCACCCTGTCTGTGACTCCAGGAGAAACAGTCAGTCTTTCCTGTAGGGCCAGCCAGAGTATT..................AACAAGAACCTACACTGGTATCAACAGAAATCACATCGGTCTCCAAGGCTTCTCATCAAGTATGCT.....................TCTGATTCCATCTCTGGGATCCCC...TCCAGGTTCACTGGCAGTGGA......TCAGGGACAGATTACACTCTCAGTATCAACAGTGTGAGGCCCGAAGATGAGGGAATATATTACTGTCTTCAAGGTTACAGCACACCGCTCACGTTCGGTGCTGGGACCAAGCTGGAGCTGAAAC,TGTCTTCAAGGTTACAGCACACCGCTCACGTTC,33,NA,1368,0.9892,190,1,GACATCCTGCTGACCCAGTCTCCAGCCACCCTGTCTGTGACTCCAGGAGAAACAGTCAGTCTTTCCTGTAGGGCCAGC,CTACACTGGTATCAACAGAAATCACATCGGTCTCCAAGGCTTCTCATCAAG,GATTCCATCTCTGGGATCCCC...TCCAGGTTCACTGGCAGTGGA......TCAGGGACAGATTACACTCTCAGTATCAACAGTGTGAGGCCCGAAGATGAGGGAATATATTACTGT,TTCGGTGCTGGGACCAAGCTGGAGCTGAAAC,CAGAGTATT..................AACAAGAAC,TATGCT.....................TCT,CTTCAAGGTTACAGCACACCGCTCACG,IGKC,454,CLQGYSTPLTF,25,NA,1
TCACGAAAGTGTTGAA,contig_2,TGGGACTAGTGTGCAGATATGGACAGGCTTACTTCCTCATTCCTGCTGCTGATTGTCCCTGCATATGTCCTTTCCCAGGTTACTCTGAAAGAGTCTGGCCCTGGGATATTGCAGCCCTCCCAGACCCTCAGTCTGACTTGTTCTTTCTCTGGGTTTTCACTGAGCACTTCTGGTATGGGTGTGAGCTGGATTCGTCAGCCTTCAGGAAAGGGTCTGGAGTGGCTGGCACACATTTACTGGGGTGATGACAAGCGCTATAACCCATCCCTGAAGAGCCGGCTCACAATCTCCAAGGATACCTCCAGAAACCAGGTATTCCTCAAGATCACCAGTGTGGACACTGCAGATACTGCCACATACTACTGTGCTCGGGAGGGACATGGTAACTACGAGTGGGACTACTGGGGTCAAGGAACCTCAGTCACCGTCTCCTCAGCCTCTATCAGGAACCCTCAGCTCTACCCCTTGAAGCCCTGTAAAGGCACTGCTTCCATGACCCTGGGCTGCCTGGTAAAGGACTACTTCCCTGGTCCTGTGACTGTGACCTGGTATTCAGACTCCCTGAACATGAGCACTGTGAACTTCCCTGC,T,T,F,IGH,Musmus IGHV8-12,Musmus IGHD2-1,Musmus IGHJ4,CAGGTTACTCTGAAAGAGTCTGGCCCTGGGATATTGCAGCCCTCCCAGACCCTCAGTCTGACTTGTTCTTTCTCTGGGTTTTCACTGAGCACTTCTGGTATGGGTGTGAGCTGGATTCGTCAGCCTTCAGGAAAGGGTCTGGAGTGGCTGGCACACATTTACTGGGGTGATGACAAGCGCTATAACCCATCCCTGAAGAGCCGGCTCACAATCTCCAAGGATACCTCCAGAAACCAGGTATTCCTCAAGATCACCAGTGTGGACACTGCAGATACTGCCACATACTACTGTGCTCGGGAGGGACATGGTAACTACGAGTGGGACTACTGGGGTCAAGGAACCTCAGTCACCGTCTCCTCAG,CAGGTTACTCTGAAAGAGTCTGGCCCT...GGGATATTGCAGCCCTCCCAGACCCTCAGTCTGACTTGTTCTTTCTCTGGGTTTTCACTGAGC......ACTTCTGGTATGGGTGTGAGCTGGATTCGTCAGCCTTCAGGAAAGGGTCTGGAGTGGCTGGCACACATTTACTGGGGT.........GATGACAAGCGCTATAACCCATCCCTGAAG...AGCCGGCTCACAATCTCCAAGGATACCTCCAGAAACCAGGTATTCCTCAAGATCACCAGTGTGGACACTGCAGATACTGCCACATACTACTGTGCTCGGGAGGGACATGGTAACTACGAGTGGGACTACTGGGGTCAAGGAACCTCAGTCACCGTCTCCTCAG,TGTGCTCGGGAGGGACATGGTAACTACGAGTGGGACTACTGG,42,NA,1437,0.9931,207,0.8704,CAGGTTACTCTGAAAGAGTCTGGCCCT...GGGATATTGCAGCCCTCCCAGACCCTCAGTCTGACTTGTTCTTTCTCT,GTGAGCTGGATTCGTCAGCCTTCAGGAAAGGGTCTGGAGTGGCTGGCACAC,CGCTATAACCCATCCCTGAAG...AGCCGGCTCACAATCTCCAAGGATACCTCCAGAAACCAGGTATTCCTCAAGATCACCAGTGTGGACACTGCAGATACTGCCACATACTACTGT,TGGGGTCAAGGAACCTCAGTCACCGTCTCCTCAG,GGGTTTTCACTGAGC......ACTTCTGGTATGGGT,ATTTACTGGGGT.........GATGACAAG,GCTCGGGAGGGACATGGTAACTACGAGTGGGACTAC,IGHE,990,12,CAREGHGNYEWDYW,967,967,contig_1,GGAGTCACACCCTATGCTGGAGTCAGCCTCACACTGATCACACACAGACATGAGTGTGCCCACTCAACTCCTGGGGTTGCTGCTGCTGTGGCTTACAGACGCAGGATGTGACATCCAGATGACTCAGTCTCCAGCCTCCCTGGCTGCATCTGTGGGAGAAACTGTCACCATCACATGTCGAGCAAGTGAGAACATTTACTACAGTTTAGCATGGTATCAGCAGAAGCAAGGGAAATCTCCTCAGCTCCTGATCTATAATGCAAACAGCTTGGAAGATGGTGTCCCATCGAGGTTCAGTGGCAGTGGATCTGGGACACAGTATTCTATGAAGATCAACACCTTGCAGCCTGAAGATACCGCAACTTATTTCTGTAAACAGGCTTATGACGTTCCGTGGACGTTCGGTGGAGGCACCAAGCTGGAAATCAAACGGGCTGATGCTGCACCAACTGTATCCATCTTCCCACCATCCAGTGAGCAGTTAACATCTGGAGGTGCCTCAGTCGTGTGCTTC,192,T,T,F,IGK,Musmus IGKV12-38,Musmus IGKJ1,GACATCCAGATGACTCAGTCTCCAGCCTCCCTGGCTGCATCTGTGGGAGAAACTGTCACCATCACATGTCGAGCAAGTGAGAACATTTACTACAGTTTAGCATGGTATCAGCAGAAGCAAGGGAAATCTCCTCAGCTCCTGATCTATAATGCAAACAGCTTGGAAGATGGTGTCCCATCGAGGTTCAGTGGCAGTGGATCTGGGACACAGTATTCTATGAAGATCAACACCTTGCAGCCTGAAGATACCGCAACTTATTTCTGTAAACAGGCTTATGACGTTCCGTGGACGTTCGGTGGAGGCACCAAGCTGGAAATCAAAC,GACATCCAGATGACTCAGTCTCCAGCCTCCCTGGCTGCATCTGTGGGAGAAACTGTCACCATCACATGTCGAGCAAGTGAGAACATT..................TACTACAGTTTAGCATGGTATCAGCAGAAGCAAGGGAAATCTCCTCAGCTCCTGATCTATAATGCA.....................AACAGCTTGGAAGATGGTGTCCCA...TCGAGGTTCAGTGGCAGTGGA......TCTGGGACACAGTATTCTATGAAGATCAACACCTTGCAGCCTGAAGATACCGCAACTTATTTCTGTAAACAGGCTTATGACGTTCCGTGGACGTTCGGTGGAGGCACCAAGCTGGAAATCAAAC,TGTAAACAGGCTTATGACGTTCCGTGGACGTTC,33,NA,1377,0.9928,190,1,GACATCCAGATGACTCAGTCTCCAGCCTCCCTGGCTGCATCTGTGGGAGAAACTGTCACCATCACATGTCGAGCAAGT,TTAGCATGGTATCAGCAGAAGCAAGGGAAATCTCCTCAGCTCCTGATCTAT,AGCTTGGAAGATGGTGTCCCA...TCGAGGTTCAGTGGCAGTGGA......TCTGGGACACAGTATTCTATGAAGATCAACACCTTGCAGCCTGAAGATACCGCAACTTATTTCTGT,TTCGGTGGAGGCACCAAGCTGGAAATCAAAC,GAGAACATT..................TACTACAGT,AATGCA.....................AAC,AAACAGGCTTATGACGTTCCGTGGACG,IGKC,4168,CKQAYDVPWTF,99,NA,1
TTGGAACTCACGACTA,contig_1,TGGGGACGATCAGCGTCCTCTCCACAGACACTGAAAACTCTGACTCAACATGGAAAGGCACTGGATCTTTCTCTTCCTGTTGTCAGTAACTGCAGGTGTCCACTCCCAGGTCCAGCTGCAGCAGTCTGCAGCTGAACTGGCAAGACCTGGGGCCTCAGTGAAGATGTCCTGCAAGGCTTCTGGCTACACCTTTACTAGCTACACGATGCACTGGGTAAAACAGAGGCCTGGACAGGGTCTGGAATGGATTGGATACATTAATCCTAGCAGTGGATATACTGAGTACAATCAGAAGTTCAAGGACAAGACCACATTGACTGCAGACAAATCCTCCAGCACAGCCTACATGCAACTGAGCAGCCTGACATCTGAGGACTCTGCGGTCTATTACTGTGCAAGGTCTAGAGGGGGATTTGACTACTGGGGCCAAGGCACCACTCTCACAGTCTCCTCAGCCTCTATCAGGAACCCTCAGCTCTACCCCTTGAAGCCCTGTAAAGGCACTGCTTCCATGACCCTGGGCTGCCTGGTAAAGGACTACTTCCCTGGTCCTGTGACTGTGACCTGGTATTCAGACTCCCTGAACATGAGCACTGTGAACTTCCCTGC,T,T,F,IGH,Musmus IGHV1-4,Musmus IGHD1-3,Musmus IGHJ2,CAGGTCCAGCTGCAGCAGTCTGCAGCTGAACTGGCAAGACCTGGGGCCTCAGTGAAGATGTCCTGCAAGGCTTCTGGCTACACCTTTACTAGCTACACGATGCACTGGGTAAAACAGAGGCCTGGACAGGGTCTGGAATGGATTGGATACATTAATCCTAGCAGTGGATATACTGAGTACAATCAGAAGTTCAAGGACAAGACCACATTGACTGCAGACAAATCCTCCAGCACAGCCTACATGCAACTGAGCAGCCTGACATCTGAGGACTCTGCGGTCTATTACTGTGCAAGGTCTAGAGGGGGATTTGACTACTGGGGCCAAGGCACCACTCTCACAGTCTCCTCAG,CAGGTCCAGCTGCAGCAGTCTGCAGCT...GAACTGGCAAGACCTGGGGCCTCAGTGAAGATGTCCTGCAAGGCTTCTGGCTACACCTTT............ACTAGCTACACGATGCACTGGGTAAAACAGAGGCCTGGACAGGGTCTGGAATGGATTGGATACATTAATCCTAGC......AGTGGATATACTGAGTACAATCAGAAGTTCAAG...GACAAGACCACATTGACTGCAGACAAATCCTCCAGCACAGCCTACATGCAACTGAGCAGCCTGACATCTGAGGACTCTGCGGTCTATTACTGTGCAAGGTCTAGAGGGGGATTTGACTACTGGGGCCAAGGCACCACTCTCACAGTCTCCTCAG,TGTGCAAGGTCTAGAGGGGGATTTGACTACTGG,33,NA,1440,1,195,0.8958,CAGGTCCAGCTGCAGCAGTCTGCAGCT...GAACTGGCAAGACCTGGGGCCTCAGTGAAGATGTCCTGCAAGGCTTCT,ATGCACTGGGTAAAACAGAGGCCTGGACAGGGTCTGGAATGGATTGGATAC,GAGTACAATCAGAAGTTCAAG...GACAAGACCACATTGACTGCAGACAAATCCTCCAGCACAGCCTACATGCAACTGAGCAGCCTGACATCTGAGGACTCTGCGGTCTATTACTGT,TGGGGCCAAGGCACCACTCTCACAGTCTCCTCAG,GGCTACACCTTT............ACTAGCTACACG,ATTAATCCTAGC......AGTGGATATACT,GCAAGGTCTAGAGGGGGATTTGACTAC,IGHE,1322,18,CARSRGGFDYW,119,119,contig_2,TGGGGACTGATCAGTCTCCTCAGGCTGTCTCCTCAGGTTGCCTCCTCAAAATGAAGTTGCCTGTTAGGCTGTTGGTGCTGATGTTCTGGATTCCTGCTTCCAGCAGTGATGTTGTGATGACCCAAACTCCACTCTCCCTGCCTGTCAGTCTTGGAGATCAAGCCTCCGTCTCTTGCAGCTCTAGTCAGAGCCTTGTACACAGTAATGGAAACACCTATTTACATTGGTACCTGCAGAAGCCAGGCCAGTCTCCAAAGCTCCTGATCTACAAAGTTTCCAACCGATTTTCTGGGGTCCCAGACAGGTTCAGTGGCAGTGGATCAGGGACAGATTTCACACTCAAGATCAGCAGAGTGGAGGCTGAGGATCTGGGAGTTTATTTCTGCTCTCAAAGTACACATGTTCCTCGGACGTTCGGTGGAGGCACCAAGCTGGAAATCAAACGGGCTGATGCTGCACCAACTGTATCCATCTTCCCACCATCCAGTGAGCAGTTAACATCTGGAGGTGCCTCAGTCGTGTGCTTC,49,T,T,F,IGK,Musmus IGKV1-110,Musmus IGKJ1,GATGTTGTGATGACCCAAACTCCACTCTCCCTGCCTGTCAGTCTTGGAGATCAAGCCTCCGTCTCTTGCAGCTCTAGTCAGAGCCTTGTACACAGTAATGGAAACACCTATTTACATTGGTACCTGCAGAAGCCAGGCCAGTCTCCAAAGCTCCTGATCTACAAAGTTTCCAACCGATTTTCTGGGGTCCCAGACAGGTTCAGTGGCAGTGGATCAGGGACAGATTTCACACTCAAGATCAGCAGAGTGGAGGCTGAGGATCTGGGAGTTTATTTCTGCTCTCAAAGTACACATGTTCCTCGGACGTTCGGTGGAGGCACCAAGCTGGAAATCAAAC,GATGTTGTGATGACCCAAACTCCACTCTCCCTGCCTGTCAGTCTTGGAGATCAAGCCTCCGTCTCTTGCAGCTCTAGTCAGAGCCTTGTACACAGT...AATGGAAACACCTATTTACATTGGTACCTGCAGAAGCCAGGCCAGTCTCCAAAGCTCCTGATCTACAAAGTT.....................TCCAACCGATTTTCTGGGGTCCCA...GACAGGTTCAGTGGCAGTGGA......TCAGGGACAGATTTCACACTCAAGATCAGCAGAGTGGAGGCTGAGGATCTGGGAGTTTATTTCTGCTCTCAAAGTACACATGTTCCTCGGACGTTCGGTGGAGGCACCAAGCTGGAAATCAAAC,TGCTCTCAAAGTACACATGTTCCTCGGACGTTC,33,NA,1452,0.9932,180,1,GATGTTGTGATGACCCAAACTCCACTCTCCCTGCCTGTCAGTCTTGGAGATCAAGCCTCCGTCTCTTGCAGCTCTAGT,TTACATTGGTACCTGCAGAAGCCAGGCCAGTCTCCAAAGCTCCTGATCTAC,AACCGATTTTCTGGGGTCCCA...GACAGGTTCAGTGGCAGTGGA......TCAGGGACAGATTTCACACTCAAGATCAGCAGAGTGGAGGCTGAGGATCTGGGAGTTTATTTCTGC,TTCGGTGGAGGCACCAAGCTGGAAATCAAAC,CAGAGCCTTGTACACAGT...AATGGAAACACCTAT,AAAGTT.....................TCC,TCTCAAAGTACACATGTTCCTCGGACG,IGKC,11332,CSQSTHVPRTF,300,NA,1
